mesh,cx,cy,cz,n_verts
100um,-3.725290298461914e-08,-3.725290298461914e-08,0.0,8
10um,-3.725290298461914e-08,-3.725290298461914e-08,0.0,8
1mm,-3.725290298461914e-08,-3.725290298461914e-08,0.0,8
1um,-3.725290298461914e-08,-3.725290298461914e-08,0.0,8
ADAL,0.027106817545635358,-2.590660279705411,0.33001729455732165,84
ADAR,-0.06982508239646752,-2.5906602342923484,0.3300171217748097,84
ADEL,0.06226726040018327,-2.5447977438117517,0.336469397061702,132
ADER,-0.10370434916606455,-2.5447976011218447,0.33646936748515477,132
ADEshL,0.13704379280919537,-2.4634809318710778,0.3667720955084352,68
ADEshR,-0.17696698680520057,-2.4756848788261414,0.3684679326415062,100
ADEsoL,0.15078826534251372,-2.526934293905894,0.37696600953737897,60
ADEsoR,-0.17701986705263456,-2.5269339164098104,0.37696593602498374,60
ADFL,0.03054829706837024,-2.862939955507006,0.4516923625554357,140
ADFR,-0.07326652444899082,-2.862940033844539,0.45169239171913694,140
ADLL,0.03574780759268573,-2.867044218948909,0.4904384434223175,140
ADLR,-0.07846605085900851,-2.867044048649924,0.49043844576392853,140
AFDL,0.031897904856928755,-2.8639221123286656,0.45570940779788155,140
AFDR,-0.07461614361298936,-2.863922379698072,0.45570951849222185,140
AIAL,0.01641982338236024,-2.704613757133484,0.41285616854826607,60
AIAR,-0.059138064521054426,-2.704613788922628,0.4128561014930407,60
AIBL,-0.012265335062913822,-2.723224542357705,0.4158703729961858,132
AIBR,-0.029411591081456703,-2.7232240944197685,0.415870300070806,132
AIML,0.03621544054476544,-2.680840775370598,0.3888647798448801,64
AIMR,-0.0789336848538369,-2.680840600281954,0.38886483712121844,64
AINL,-0.017555973570172984,-2.7148529324266644,0.45267172613077694,72
AINR,-0.027509871766799025,-2.714853137731552,0.45267178614934284,72
AIYL,0.031138917865852513,-2.6788843234380084,0.39495405554771423,60
AIYR,-0.07385717742145062,-2.678884239991506,0.3949540520707766,60
AIZL,0.01850199565777312,-2.687250393888225,0.37363066977780796,92
AIZR,-4.778823728146761,-12.434650864290154,-1.4097087726644848,92
ALA,-0.012252916626418663,-0.9998124483854148,0.21443796620532207,314
ALML,0.15341834840364754,-1.9395827376283705,0.1555081878323108,128
ALMR,-0.17939446156378835,-1.9395828675478697,0.15550826338585466,128
ALNL,0.06243149433335613,0.9333182676978733,0.1979381157004315,184
ALNR,-0.09090052428655326,0.9334364326103873,0.19793813076356184,184
AMshL,0.04929637682178746,-2.8975313979646433,0.5161450877785683,92
AMshL.001,-0.006503410242578905,-0.08888922404983769,-0.1742519392915394,92
AMshR,-0.09201462761215541,-2.8975313046704168,0.5161451208202735,92
AMsoL,0.033627414423972365,-3.323081058263779,0.5729206368327141,40
AMsoR,-0.07634564433246852,-3.3230807304382326,0.5729206010699273,40
Anus,-0.02831322777395447,3.8987869024276733,0.002412110596196726,24
AQR,-0.058175463367857644,-2.6057980543858297,0.36598437229121056,148
Arcade_Cell_Ant,-0.02143102348018743,-3.4211128564154514,0.5772633021850078,488
Arcade_Cell_Post,-0.022103443090281075,-3.3276588367788413,0.5718381134302992,456
AS1,-0.062001850359427575,-2.3433279286731374,0.28544410174204543,88
AS10,-0.05566736362137211,2.6525857225060463,-0.009122627438046038,96
AS11,-0.050787507370114324,2.996658182144165,-0.05398827197495848,100
AS2,-0.06754044747061055,-2.0410252835439597,0.08954102469041296,92
AS3,-0.07107017578726466,-1.5392943038181826,-0.2322191372513771,88
AS4,-0.05858329957351088,-1.044975265264511,-0.37940690070390704,100
AS5,-0.05596111578723559,-0.37435260821635336,-0.30932627919201666,104
AS6,-0.06442274832321952,-0.005599521954233448,-0.19845517517145103,96
AS7,-0.05642472026455733,0.8966696270638042,0.1943834187393939,108
AS8,-0.05052328750426913,1.4518772619294709,0.22916862977957675,116
AS9,-0.061622597891837355,2.109191069602966,0.131247897753492,100
ASEL,0.015037972522391514,-2.828899155963551,0.4489151237701828,176
ASER,-0.05748624822378836,-2.828899100422859,0.44891494224694645,176
ASGL,0.032493581514685385,-2.8716564486103673,0.45246909847182615,124
ASGR,-0.075211810639068,-2.871656452455828,0.4524690958280717,124
ASHL,0.03433000602914641,-2.853708095020718,0.4496041321092182,144
ASHR,-0.07704825034468538,-2.8537082374095917,0.44960396943820846,144
ASIL,0.02887174179061101,-2.8352987582866964,0.460420419772466,156
ASIR,-0.07158997814911298,-2.8352983655073705,0.4604205548381194,156
ASJL,0.029272520081385187,-2.8382112258359005,0.4403133543306275,152
ASJR,-0.07199078352239571,-2.838211318379954,0.4403133617812081,152
ASKL,0.03077174274302605,-2.8582136697239346,0.4607870996826225,144
ASKR,-0.07348998762770659,-2.8582137392626867,0.46078710485663676,144
AUAL,0.032190977835229465,-2.769659435749054,0.4204559971179281,140
AUAR,-0.07490923084052546,-2.7696594561849324,0.42045607715845107,140
AVAL,-0.026128675371151548,-0.4344891956846776,-0.008250684445274287,232
AVAR,-0.038244945880282544,-0.43494173727030383,-0.008280994691725435,232
AVBL,-0.025047257473108483,-0.7353105139432113,0.03405243286223554,268
AVBR,-0.03941700667309672,-0.735516871172768,0.03813583548389264,268
AVDL,-0.03167590475641191,-0.43036821982341594,-0.009756444471663442,232
AVDR,-0.03135478925281044,-0.42977018275394524,-0.00553442068911832,232
AVEL,-0.028231902101210186,-1.9709409998995917,0.07147835046052933,140
AVER,-0.03107828465955598,-1.971069124341011,0.0738837365593229,140
AVFL,-0.026773093670437283,-0.685933611045281,0.016130187915581646,264
AVFR,-0.03688186193024045,-0.7117336537105157,0.02076587186598066,268
AVG,-0.03572012181841554,1.2883552322164178,-0.14650826919107482,208
AVHL,-0.02677613634873053,-0.43120195035790576,-0.0024741494963909016,232
AVHR,-0.032904247929952266,-0.43155243665236853,-0.0014415223729507677,232
AVJL,-0.02746864187164169,-0.4679558589359966,0.004128801115488602,236
AVJR,-0.033368594486844434,-0.4300802342979045,-0.0041778612689211455,232
AVKL,0.018516662057775718,-0.6622454464722138,0.016553476796700405,260
AVKR,-0.04130082891251032,-0.6602547996605818,0.013601004905425585,260
AVL,-0.028884976495508894,-0.705358142654101,0.03309597170939951,264
AVM,-0.04498564247928914,-1.9725496318368685,-0.020953625218854063,168
AWAL,0.031014767216725483,-2.8549986663791866,0.4538857568469312,144
AWAR,-0.07373299216851592,-2.8549988286362753,0.45388580651746857,144
AWBL,0.034436082726137504,-2.8557923237482705,0.4542019481046332,144
AWBR,-0.07715431437827647,-2.8557922111617193,0.4542019580387407,144
AWCL,0.023355263906220596,-2.8525306475468173,0.45003505757985973,156
AWCR,-0.06565224565565586,-2.8525304962427187,0.45003506751396716,156
B,-0.023311058583203703,3.957804655035337,-0.008451910541528681,48
BAGL,0.01520746249345041,-2.9139175261220625,0.4981612257899777,124
BAGR,-0.05853885730668422,-2.913917456903765,0.4981612255496363,124
BDUL,0.06456632996824654,-2.4195015755566684,0.25640085397753865,88
BDUR,-0.10728456858884204,-2.419501464475285,0.2564008500300009,88
CANL,0.220714275414745,0.30386314830846256,0.018475557470487222,144
CANR,-0.2297614366850919,0.3038632958713505,0.018475557192383956,144
ccAL,0.05818485179594878,0.0005495144648413206,-0.4589602346050328,58
ccAR,-0.06164415084339421,-2.243213176727295,0.0826350836532897,58
ccDL,0.07781341036075148,2.2572124004364014,0.2882099161887991,58
ccDR,-0.12965455702666578,1.721108317375183,0.40813151104696865,58
ccPL,0.056287579944935336,0.09336891686864968,-0.415997923448168,58
ccPR,-0.05418581432052728,-2.174022674560547,0.023554432314242525,58
CEPDL,0.027213630644837394,-2.8836241737008095,0.5371377132833004,128
CEPDR,-0.06993186310864985,-2.883624080568552,0.5371376285329461,128
CEPshDL,0.024328509936682306,-2.9228338530430427,0.5459561995588816,104
CEPshDR,-0.06704674936974278,-2.922834066244272,0.5459561359423858,104
CEPshVL,0.0243236361286388,-2.9154508228485403,0.4260337114907228,104
CEPshVR,-0.06704187081553616,-2.9154511185792775,0.42603376507759094,104
CEPsoDL,0.030191586885069097,-3.0827380376202718,0.5794094439063754,56
CEPsoDR,-0.07290983639125313,-3.0827380333627974,0.579409482223647,56
CEPsoVL,0.026378983010848362,-3.1414902806282043,0.5015325105438629,48
CEPsoVR,-0.06909726373851299,-3.141490360101064,0.5015325422088305,48
CEPVL,0.02518306659727261,-2.8969307952913743,0.4457930973891554,116
CEPVR,-0.06790129503170991,-2.8969311118125916,0.44579309995832117,116
Cube,1.3185269904859137e-07,-1.0837208140980114e-08,3.160852374452533e-08,66
Cuticle,-0.0071298737560526555,0.49978345543363945,0.1635369076036788,992
DA1,0.039199656513692054,-2.392918489597462,0.268806764894786,108
DA2,-0.053615422019114095,-2.0171573678652446,0.029716152201096215,120
DA3,0.0390686436233321,-1.4774333863489089,-0.22762177427930216,124
DA4,0.034080769603238685,-0.9007857645812788,-0.3161789229825923,152
DA5,0.016062189350548657,0.0995437586481901,-0.06986044930848986,188
DA6,0.015004834093972397,0.9035054849268034,0.02033097438357674,232
DA7,0.02387027870155061,1.8382847603086545,0.05105513893004567,184
DA8,0.01015605705561029,3.67136762291193,0.021859019887415343,128
DA9,-0.02455390407521918,3.6713668182492256,0.02193190759862773,128
DB1,-0.007514755066949874,-0.9892819756641984,0.25820066103187855,256
DB2,0.02454270501197739,-0.4771972315893932,0.15109858079390093,220
DB3,-0.02218589962621291,-0.1880620259505052,0.026828142187486474,208
DB4,0.014937246374816436,0.42427276581770085,-0.144933071537096,244
DB5,0.013579730726427064,1.2277939952909946,0.0187270009081881,212
DB6,-0.04230932891998138,2.258475317342861,0.10052660713758874,148
DB7,-0.046058677546115534,2.9245304067929587,-0.068952651828471,132
DD1,0.03400330062334736,-2.2571382403373716,0.22162989995752772,120
DD2,-0.04944789682485862,-1.6571258092299104,-0.16319613916857634,128
DD3,-0.037943488440942016,-0.7673400228843092,-0.4205290196463466,160
DD4,-0.042434562961570915,0.6493375839293003,0.010551335960626603,200
DD5,-0.04245279326632216,2.103513529977283,0.10670051250506092,148
DD6,-0.032716551463818175,3.2155483826994895,-0.062465297523885965,160
Distal_Tip_Cell_A,0.0847066082060337,-0.023893741552629286,-0.19274654345852987,42
Distal_Tip_Cell_P,-0.10482894712024265,1.356393340561125,0.30984430842929417,36
du,-0.011914139240980148,0.513948180899024,-0.03573197150835768,80
DVA,-0.03266024724689487,-0.13324929354712367,0.0010716563992900774,256
DVB,-0.00657033026642318,2.919899406640426,-0.07391290855087826,92
DVC,-0.027032444751057483,0.07403919287025928,-0.009175137667625677,256
e1D,-0.02049785723944229,-3.3833735872198036,0.604918979384281,108
e1VL,0.004573603961727626,-3.3891641753060475,0.5636937526010332,84
e1VR,-0.04729184628065143,-3.389164081641606,0.563693697253863,84
e2DL,0.003486579834805945,-3.4162563562393187,0.5830104552782499,130
e2DR,-0.03684185927166887,-3.4171240519786226,0.5978776570679485,138
e2V,-0.031907356744238606,-3.418919150258454,0.5611747902044109,142
e3D,-0.021261552639771253,-3.3557258024811745,0.6050872132182121,96
e3VL,0.008109698098472342,-3.363587423812511,0.5626148352789324,86
e3VR,-0.0508279443913421,-3.3635870855908063,0.5626147666642832,86
Excretory_Cell,-0.010312161389228008,-1.0006942602563393,0.1527951211757856,292
Excretory_Duct_Cell,-0.01624661365834375,-2.5767964522043862,0.24305614249573815,36
Excretory_Gland_Cell,-0.01933476597500535,-2.518835629408176,0.24215300338199505,104
Excretory_Pore_Cell,-0.014472116949036717,-2.609398789703846,0.24604535102844238,32
F,-0.028365059988573194,3.900973786910375,0.0067943974160395255,48
FLPL,0.06889898605489482,-2.6294452597697577,0.38490054577899474,192
FLPR,-0.11051269224844873,-2.629445175329844,0.38490053336136043,192
GLRDL,0.032611397258006034,-2.954695451259613,0.5493511117994785,80
GLRDR,-0.07532964521087707,-2.954695403575897,0.5493511952459812,80
GLRL,0.045659910337152804,-2.9752023057504133,0.5039844167503443,88
GLRR,-0.08837814070284367,-2.9752023816108704,0.5039843727241863,88
GLRVL,0.028386183962639835,-2.9815223813056946,0.4575056450234519,72
GLRVR,-0.07110441476106644,-2.981522109773424,0.4575055299533738,72
Gonadal_Sheath_A1L,0.1000216801707842,-1.1372337410682622,-0.11175586368736563,196
Gonadal_Sheath_A1R,0.047842832396225055,-1.137227687433514,-0.11183142557512132,196
Gonadal_Sheath_A2L,0.09640162118843623,-2.1240225315093992,0.10531486051955394,70
Gonadal_Sheath_A2R,0.04118152494941439,-2.124022514479501,0.10531491139637572,70
Gonadal_Sheath_A3L,0.10238769464194775,-1.8185395683561052,-0.11272744875999965,56
Gonadal_Sheath_A3R,0.04775401697094951,-1.8180338782923562,-0.11188882068797414,56
Gonadal_Sheath_A4D,0.08012464710918721,-1.3087412547320127,-0.35844186739996076,64
Gonadal_Sheath_A4V,0.07648353688030814,-1.3333903352419536,-0.415481170018514,48
Gonadal_Sheath_A5D,0.07687270886769208,-0.7314162285377582,-0.47242146357893944,96
Gonadal_Sheath_A5V,0.07736287326810674,-0.734991175433,-0.5200123683445983,72
Gonadal_Sheath_P1L,-0.05984700220983987,2.7781908459523144,0.09192114806387063,204
Gonadal_Sheath_P1R,-0.10638164319828444,2.7781789361261855,0.09195634057544463,204
Gonadal_Sheath_P2L,-0.04584321282480074,3.440764310567275,-0.06332763290518652,92
Gonadal_Sheath_P2R,-0.08619281706278739,3.4407618901003962,-0.06337634214888448,92
Gonadal_Sheath_P3L,-0.053492398772920884,3.0968460866383145,-0.11289326431495803,70
Gonadal_Sheath_P3R,-0.09733489996620587,3.096846079826355,-0.11289322014365877,70
Gonadal_Sheath_P4D,-0.10483857378130779,2.543403699994087,-0.010836575980647467,64
Gonadal_Sheath_P4V,-0.10483858680042128,2.5323464075724282,-0.07238345329339306,48
Gonadal_Sheath_P5D,-0.10648047928275033,1.9741508811712265,0.13784657211296938,88
Gonadal_Sheath_P5V,-0.10704226261721207,1.9455189582629082,0.09294198465366395,78
Guide Post Nerve.004,-8.838387022258587e-09,3.849302210312544e-09,1.1641435072622017e-10,64
Guide Post Nerve.005,-8.838387022258587e-09,3.849302210312544e-09,1.1641435072622017e-10,64
Guide Post Nerve.006,-8.838387022258587e-09,3.849302210312544e-09,1.1641435072622017e-10,64
Guide Post Nerve.007,-8.838387022258587e-09,3.849302210312544e-09,1.1641435072622017e-10,64
Guide_Amph_Left.006,-19.246189106594432,-16.19653091376478,-127.17432143471457,44
Guide_Amph_Left.007,-19.246189106594432,-16.19653091376478,-127.17432143471457,44
Guide_Amph_Left.008,-19.246189106594432,-16.19653091376478,-127.17432143471457,44
Guide_Amph_Right.002,-85.71199105002664,-16.19653103568337,-127.17432299527255,44
Guide_Amph_Right.003,-85.71199105002664,-16.19653103568337,-127.17432299527255,44
Guide_Amph_Right.004,-85.71199105002664,-16.19653103568337,-127.17432299527255,44
Guide_Amph_Right.005,-85.71199105002664,-16.19653103568337,-127.17432299527255,44
Guide_Amph_Right.006,-85.71199105002664,-16.19653103568337,-127.17432299527255,44
Guide_Amph_Right.007,-85.71199105002664,-16.19653103568337,-127.17432299527255,44
Guide_Amph_Right.008,-85.71199105002664,-16.19653103568337,-127.17432299527255,44
Guide_Amph_Right.009,-85.71199105002664,-16.19653103568337,-127.17432299527255,44
Guide_DL_Sublat.002,0.8040194428629346,5.66951299265579,-10.265528770991498,108
Guide_DL_Sublat.003,0.8040194428629346,5.66951299265579,-10.265528770991498,108
Guide_DL_Sublat.004,0.8040194428629346,5.66951299265579,-10.265528770991498,108
Guide_DL_Sublat.005,0.8040194428629346,5.66951299265579,-10.265528770991498,108
Guide_DL_Sublat.006,0.8040194428629346,5.66951299265579,-10.265528770991498,108
Guide_DL_Sublat.007,0.8040194428629346,5.66951299265579,-10.265528770991498,108
Guide_DL_Sublat.008,0.8040194428629346,5.66951299265579,-10.265528770991498,108
Guide_DNC.002,0.05675041580047363,-2.2379479577454426,-19.608433338694084,156
Guide_DNC.003,0.05675041580047363,-2.2379479577454426,-19.608433338694084,156
Guide_DNC.004,0.05675041580047363,-2.2379479577454426,-19.608433338694084,156
Guide_DNC.005,0.05675041580047363,-2.2379479577454426,-19.608433338694084,156
Guide_DNC.006,0.05675041580047363,-2.2379479577454426,-19.608433338694084,156
Guide_DR_Sublat.004,-0.8040194428629346,5.66951299265579,-10.265528770991498,108
Guide_DR_Sublat.005,-0.8040194428629346,5.66951299265579,-10.265528770991498,108
Guide_DR_Sublat.006,-0.8040194428629346,5.66951299265579,-10.265528770991498,108
Guide_DR_Sublat.007,-0.8040194428629346,5.66951299265579,-10.265528770991498,108
Guide_DR_Sublat.008,-0.8040194428629346,5.66951299265579,-10.265528770991498,108
Guide_Head_DR.001,-33.044580698013306,-0.695719376206398,-84.11773134209216,32
Guide_Head_DR.002,-33.044580698013306,-0.695719376206398,-84.11773134209216,32
Guide_Head_DR.003,-33.044580698013306,-0.695719376206398,-84.11773134209216,32
Guide_Head_DR.004,-33.044580698013306,-0.695719376206398,-84.11773134209216,32
Guide_Head_DR.005,-33.044580698013306,-0.695719376206398,-84.11773134209216,32
Guide_Head_DR.006,-33.044580698013306,-0.695719376206398,-84.11773134209216,32
Guide_Head_DR.007,-33.044580698013306,-0.695719376206398,-84.11773134209216,32
Guide_Head_DR.008,-33.044580698013306,-0.695719376206398,-84.11773134209216,32
Guide_Head_DR.009,-33.044580698013306,-0.695719376206398,-84.11773134209216,32
Guide_Head_DR.010,-33.044580698013306,-0.695719376206398,-84.11773134209216,32
Guide_Head_DR.011,-33.044580698013306,-0.695719376206398,-84.11773134209216,32
Guide_Head_VL.004,-10.550119618574778,-32.50411954190996,-149.55150053236218,36
Guide_Head_VL.005,-10.550119618574778,-32.50411954190996,-149.55150053236218,36
Guide_Head_VL.006,-10.550119618574778,-32.50411954190996,-149.55150053236218,36
Guide_Head_VL.007,-10.550119618574778,-32.50411954190996,-149.55150053236218,36
Guide_Head_VL.008,-10.550119618574778,-32.50411954190996,-149.55150053236218,36
Guide_Head_VL.009,-10.550119618574778,-32.50411954190996,-149.55150053236218,36
Guide_Head_VL.010,-10.550119618574778,-32.50411954190996,-149.55150053236218,36
Guide_Head_VL.011,-10.550119618574778,-32.50411954190996,-149.55150053236218,36
Guide_Head_VR.001,-50.68625026279025,-32.504119131300186,-149.55149756537543,36
Guide_Head_VR.002,-50.68625026279025,-32.504119131300186,-149.55149756537543,36
Guide_Head_VR.003,-50.68625026279025,-32.504119131300186,-149.55149756537543,36
Guide_Head_VR.004,-50.68625026279025,-32.504119131300186,-149.55149756537543,36
Guide_Head_VR.005,-50.68625026279025,-32.504119131300186,-149.55149756537543,36
Guide_Head_VR.006,-50.68625026279025,-32.504119131300186,-149.55149756537543,36
Guide_Head_VR.007,-50.68625026279025,-32.504119131300186,-149.55149756537543,36
Guide_Nerve_Ring.004,0.0,5.422551080584526,-38.409299288876355,64
Guide_Nerve_Ring.005,0.0,5.422551080584526,-38.409299288876355,64
Guide_Nerve_Ring.006,0.0,5.422551080584526,-38.409299288876355,64
Guide_Nerve_Ring.007,0.0,5.422551080584526,-38.409299288876355,64
Guide_Nerve_Ring.008,0.0,5.422551080584526,-38.409299288876355,64
Guide_PH_VL.003,12.811330999646868,17.780247347695486,-0.45222227913992746,28
Guide_PH_VL.004,12.811330999646868,17.780247347695486,-0.45222227913992746,28
Guide_PH_VL.005,12.811330999646868,17.780247347695486,-0.45222227913992746,28
Guide_PH_VR.001,-12.811330999646868,17.780247347695486,-0.45222227913992746,28
Guide_PH_VR.002,-12.811330999646868,17.780247347695486,-0.45222227913992746,28
Guide_PH_VR.003,-12.811330999646868,17.780247347695486,-0.45222227913992746,28
Guide_PH_VR.004,-12.811330999646868,17.780247347695486,-0.45222227913992746,28
Guide_PH_VR.005,-12.811330999646868,17.780247347695486,-0.45222227913992746,28
Guide_VL_Amp_P.002,-4.39036442552294,-9.216921125139509,14.120835781097412,28
Guide_VL_Amp_P.003,-4.39036442552294,-9.216921125139509,14.120835781097412,28
Guide_VL_Amp_P.004,-4.39036442552294,-9.216921125139509,14.120835781097412,28
Guide_VL_Amp_P.005,-4.39036442552294,-9.216921125139509,14.120835781097412,28
Guide_VL_Amp_P.006,-4.39036442552294,-9.216921125139509,14.120835781097412,28
Guide_VL_Amp_P.007,-4.39036442552294,-9.216921125139509,14.120835781097412,28
Guide_VL_Sublat.002,90.88343098584343,2007.2440351598402,440.8276408139397,136
Guide_VL_Sublat.003,90.88343098584343,2007.2440351598402,440.8276408139397,136
Guide_VL_Sublat.004,90.88343098584343,2007.2440351598402,440.8276408139397,136
Guide_VL_Sublat.005,90.88343098584343,2007.2440351598402,440.8276408139397,136
Guide_VL_Sublat.006,90.88343098584343,2007.2440351598402,440.8276408139397,136
Guide_VNC_L.002,171.5496223994664,1978.2403295607794,407.732550848098,168
Guide_VNC_L.003,171.5496223994664,1978.2403295607794,407.732550848098,168
Guide_VNC_L.004,171.5496223994664,1978.2403295607794,407.732550848098,168
Guide_VNC_R.007,-4.3477914572826455,1978.592252006843,407.9133412103568,168
Guide_VNC_R.008,-4.3477914572826455,1978.592252006843,407.9133412103568,168
Guide_VR_Amp_P.001,-12.41272851399013,-9.216917446681432,14.120838608060565,28
Guide_VR_Amp_P.002,-12.41272851399013,-9.216917446681432,14.120838608060565,28
Guide_VR_Amp_P.003,-12.41272851399013,-9.216917446681432,14.120838608060565,28
Guide_VR_Amp_P.004,-12.41272851399013,-9.216917446681432,14.120838608060565,28
Guide_VR_Amp_P.005,-12.41272851399013,-9.216917446681432,14.120838608060565,28
Guide_VR_Amp_P.006,-12.41272851399013,-9.216917446681432,14.120838608060565,28
Guide_VR_Amp_P.007,-12.41272851399013,-9.216917446681432,14.120838608060565,28
Guide_VR_Amp_P.008,-12.41272851399013,-9.216917446681432,14.120838608060565,28
Guide_VR_Sublat.004,-90.88343098584343,2007.2440351598402,440.8276408139397,136
Guide_VR_Sublat.005,-90.88343098584343,2007.2440351598402,440.8276408139397,136
Head_Mesodermal_Cell,-0.020878952278412487,-2.3042732210535752,0.29720430380027546,152
HSNL,0.03539631650485891,-1.3956000475965915,0.0434471994955489,188
HSNR,-0.05845145472979292,-1.3953489769804985,0.04222538325182618,188
hyp1,-0.021218127419706433,-3.3256008848547935,0.5584142724052071,160
hyp10,-0.0051492178042988395,4.406443099180858,0.4130314832760228,72
hyp11,-0.005604919641175204,4.077624305089315,0.13373685777187347,90
hyp2,-0.021560763385607286,-3.3522059930844255,0.5598014492667123,178
hyp3,-0.01950024999678135,-3.3988121872146926,0.6217503299315771,96
hyp4,-0.01933432924137874,-3.417667534134605,0.5900093669241125,110
hyp5,-0.022450760162125032,-3.335101823012034,0.5750127810807455,84
hyp7,-0.006967780403939,0.2034138466659322,0.06064417244419844,3505
hyp8,-0.006108469907836667,4.090212460221915,0.09882896965176895,58
hyp9,-0.005541005401190982,4.167587262481006,0.17819940009668692,67
I1L,0.009893996703665055,-3.1071294248104095,0.5584296392542976,112
I1R,-0.05261225436281945,-3.1071296823876247,0.5584297084382602,112
I2L,-0.005458746476506349,-3.1147939302027225,0.5523402336984873,128
I2R,-0.03729511552955955,-3.1147942915558815,0.5523403258994222,128
I3,-0.020480914351840813,-3.0677709579467773,0.585667626063029,60
I4,-0.020477450003327673,-2.7354137245998826,0.4513874818072763,172
I5,-0.02107575379728161,-2.5921625615434443,0.4021772699470216,376
I6,-0.01228130804016613,-2.565796577013456,0.4447287074648417,104
IL1DL,0.026401183362069883,-2.8572356989509182,0.5371678709199554,380
IL1DR,-0.06911941379504769,-2.8572357278121143,0.5371678810370596,380
IL1L,0.04780565516958977,-2.9316533146233392,0.49577602307344304,116
IL1R,-0.0905239002714897,-2.9316535057692694,0.4957761325199029,116
IL1VL,0.02200819046067243,-2.952268275347623,0.4513303657824343,88
IL1VR,-0.06472641923888163,-2.9522681723941457,0.45133031803098594,88
IL2DL,0.02726311129332647,-2.9670629772272976,0.5682366747747768,88
IL2DR,-0.06998131667602468,-2.967062920331955,0.568236726928841,88
IL2L,0.05176721293140541,-2.9928327880122443,0.5160231993279674,88
IL2R,-0.09448545874858444,-2.9928327825936405,0.5160231823948297,88
IL2VL,0.023066399641157614,-2.9877537261872065,0.4596263642112414,84
IL2VR,-0.06578464486769267,-2.9877537460554215,0.4596263567606608,84
ILshDL,0.03633262364945205,-3.1511739058928057,0.5919281528754667,44
ILshDR,-0.07905083132738416,-3.151174160567197,0.5919280445033853,44
ILshL,0.044126714145143825,-3.201728590329488,0.5533123513062795,60
ILshR,-0.08684497127930323,-3.201728713512421,0.553312220176061,60
ILshVL,0.008848725911229849,-3.3440721213817595,0.5411094076931476,40
ILshVR,-0.05171485310420394,-3.3440721571445464,0.5409516863524914,40
ILsoDL,0.02101900687234269,-3.2913295957777233,0.6111916204293569,36
ILsoDR,-0.06373725872900751,-3.2913294434547424,0.6111915227439668,36
ILsoL,0.03517663665115833,-3.2784754812717436,0.5646239519119263,40
ILsoR,-0.0778948873281479,-3.278475522994995,0.5646239951252937,40
ILsoVL,0.01067299279384315,-3.316694028675556,0.5361223435029387,32
ILsoVR,-0.053391225868836045,-3.3166940733790398,0.5361223872750998,32
int1DL,-0.034560564905405045,-2.043451305798122,0.1912770356450762,70
int1DR,-0.11447204297906916,-2.0409629496050554,0.1918462197702955,71
int1VL,-0.03459483016548412,-2.0847977246556963,0.0905006602938686,70
int1VR,-0.11475721427372523,-2.085072840963091,0.09048749070082392,70
int2D,-0.09247009156064855,-1.2903756126761436,-0.24484197109834188,72
int2V,-0.09270727963497241,-1.358489735921224,-0.2987348648409049,60
int3D,-0.10069071103094353,-0.6254531774255965,-0.3603732908765475,72
int3V,-0.10008581981740215,-0.6420071989749417,-0.44527631998062134,66
int4D,-0.06521046086258832,0.01583726647576051,-0.12367208649049558,84
int4V,-0.06562204605766706,0.03557610454126483,-0.1757055413687513,84
int5L,0.03432416036311123,0.7394538120263152,0.21704453674869406,72
int5R,-0.06654006253100103,0.7396857477724552,0.21715281546736756,72
int6L,0.07230831908860377,1.36886347475506,0.2889760805382615,84
int6R,0.00028763157093808766,1.3703209246907915,0.29054749065211843,84
int7L,0.09291018986453613,2.035493896404902,0.16342966829737027,60
int7R,0.0385577170488735,2.0355423986911774,0.16345872624466817,60
int8L,0.08242311868816614,2.7335931261380515,-0.0032625244930386543,60
int8R,0.03591118818148971,2.7331746141115825,-0.0032288181595504285,60
int9L,0.04040028277086094,3.4823976010084152,-0.036381698989619814,96
int9R,0.008920032036257908,3.4815074801445007,-0.03685647388920188,96
Intestine,1.3370901860039808e-07,-1.093950764886264e-06,-1.0321880209034887e-05,464
K,-0.03889951191376895,3.842283477385839,0.01709005667847426,48
Kprime,-0.028075901209376752,3.841322104136149,0.017091935279798538,48
LUAL,0.012642003906269869,3.8936588406562804,-0.045355505185822646,60
LUAR,-0.03888261821120977,3.893658463160197,-0.04535552617162466,60
M1,-0.011513560473249527,-3.0135077691078185,0.5303969869017601,100
M2L,0.028086409027523854,-2.8217321634292603,0.5044138457845239,68
M2R,-0.07080464607433361,-2.821732265107772,0.5044139001299354,68
M3L,0.027440653493007023,-2.9324572066466015,0.5059788540005684,120
M3R,-0.07015889193862676,-2.9324575304985045,0.5059788912534714,120
M4,-0.020099600842925457,-2.7686584355696193,0.47170936330309454,212
M5,-0.02191662356564885,-2.4916751104958204,0.38669282623699736,196
mc1DL,0.01067887750105001,-3.134337999754482,0.5702449279940791,288
mc1DR,-0.05329873534436855,-3.134311197532548,0.5701006392223967,288
mc1V,-0.020575974622352732,-3.135584060236704,0.5094345039386543,278
mc2DL,0.012106575307042636,-2.7545388814100287,0.4841503398012869,194
mc2DR,-0.05480883479809638,-2.754515640514413,0.48415216158345803,194
mc2V,-0.020942629151737568,-2.7577753632339004,0.4295203572081536,194
mc3DL,0.020230859779169625,-2.4799517638215396,0.40374560264226433,214
mc3DR,-0.06297379693834582,-2.48009899843519,0.4037904689245135,214
mc3V,-0.02151273633353412,-2.5088623229493487,0.33311513486377736,188
MCL,-0.01641649673242242,-2.9248654707785575,0.5223501903876182,124
MCR,-0.024317437722798315,-2.924865630365187,0.5223501766881635,124
MI,-0.022955548181198538,-2.900935021042824,0.51849698536098,80
mu_anal,-0.028818312925164048,3.9701894239375464,0.0675384812937792,76
mu_bod_DL1,0.05574322831543053,-3.2175132877686443,0.6067915693217633,102
mu_bod_DL10,0.06261074869323147,-1.7305003145868465,0.14659940067303273,129
mu_bod_DL11,0.17894821238201275,-0.6793436666505527,-0.2791378234340026,113
mu_bod_DL12,0.06285239930874036,-1.0916444581967812,-0.16226145078968487,162
mu_bod_DL13,0.18864179531048084,-0.08429301883383043,-0.0957572777573576,87
mu_bod_DL14,0.06774704647408862,-0.38721012757444867,-0.14035080662187266,147
mu_bod_DL15,0.18837059679485502,0.5612843050843194,0.22520972386239066,126
mu_bod_DL16,0.07014502443018414,0.2993771995474793,0.18456798846370914,147
mu_bod_DL17,0.17750964035827016,1.3253431670249454,0.41316208479896427,126
mu_bod_DL18,0.06432552075733436,1.0252235524493492,0.45412262652549273,163
mu_bod_DL19,0.17831296433468122,1.905725332530769,0.3521107082834115,74
mu_bod_DL2,0.015853397602345363,-3.245532421178596,0.6411759749401448,86
mu_bod_DL20,0.06335235038893906,1.8570218733207664,0.4254881917831287,199
mu_bod_DL21,0.1660938564259394,2.4369631003489536,0.1879401409883151,113
mu_bod_DL22,0.051762488521429714,2.718453050318344,0.17070676084834238,181
mu_bod_DL23,0.11009521054586878,3.4138832997392723,0.049781114973248566,216
mu_bod_DL24,0.03247359976647239,3.5899936229574916,0.08783456044015932,204
mu_bod_DL3,0.0971518552816305,-2.8715364385823734,0.5738614694994004,61
mu_bod_DL4,0.026184474266525627,-2.973948914071788,0.6300473066343777,69
mu_bod_DL5,0.13578043468296527,-2.4226266980171203,0.44576187878847123,100
mu_bod_DL6,0.0374946055721633,-2.6745845335948317,0.5820861383329464,79
mu_bod_DL7,0.17028417155660433,-1.8988816450382102,0.1783652395202682,87
mu_bod_DL8,0.05275470254321893,-2.275231570005417,0.4466557207206885,120
mu_bod_DL9,0.17135975595596617,-1.337146094942515,-0.14268918203569092,113
mu_bod_DR1,-0.0922552988642738,-3.2227710133507137,0.6078848589034308,105
mu_bod_DR10,-0.07544485329426537,-1.7472994346027226,0.15676963807249716,129
mu_bod_DR11,-0.19052275158135237,-0.6819027980080749,-0.2779296925373837,113
mu_bod_DR12,-0.07677563519188851,-1.102127015951908,-0.15754224703167424,165
mu_bod_DR13,-0.19964532862449513,-0.08635670222855847,-0.09423009398789413,87
mu_bod_DR14,-0.08172580544032207,-0.3889476637146911,-0.1392657300584069,147
mu_bod_DR15,-0.19814535557366103,0.6026733653258076,0.24335408308576767,139
mu_bod_DR16,-0.08519623053519904,0.2981691459497931,0.18591560030571458,147
mu_bod_DR17,-0.18757768370936403,1.3663516060440941,0.4180652027109028,113
mu_bod_DR18,-0.08039859972574229,1.0246036904721172,0.45566763157493495,163
mu_bod_DR19,-0.18800959937475822,1.9052695068153176,0.35395332083508774,74
mu_bod_DR2,-0.05195443581245589,-3.2498388424348295,0.6429013784012098,89
mu_bod_DR20,-0.07924208784865779,1.8959064999292063,0.4160710007645363,215
mu_bod_DR21,-0.17612888703567792,2.436972938807665,0.18961855080143541,113
mu_bod_DR22,-0.06519576701340754,2.796804273984709,0.15132715888527218,181
mu_bod_DR23,-0.12088653724640608,3.414928623923549,0.051155088177269874,216
mu_bod_DR24,-0.043815267024601395,3.629621702305814,0.09019329912088653,188
mu_bod_DR3,-0.1229846714461436,-2.8754220126105134,0.575650372466103,61
mu_bod_DR4,-0.055546784584504974,-2.9775625346363457,0.6316160516462465,69
mu_bod_DR5,-0.1495573305338621,-2.426321783065796,0.44759372040629386,100
mu_bod_DR6,-0.05503235158861661,-2.715941315791646,0.5929819848693785,61
mu_bod_DR7,-0.18157875066858598,-1.9022758349604991,0.18032907418392854,87
mu_bod_DR8,-0.06387005897082446,-2.3115995385264623,0.4610176903145914,131
mu_bod_DR9,-0.18270897107050482,-1.3401105920825385,-0.14124511400715703,113
mu_bod_VL1,0.055548592410776594,-3.2306224074932413,0.519259295879154,109
mu_bod_VL10,0.03756168442758131,-1.7010349241686074,-0.32135013307069804,231
mu_bod_VL11,0.17749938594047412,-0.7028140520402627,-0.5635508712410002,129
mu_bod_VL12,0.03730060297688703,-1.0680674572999331,-0.5954081701335087,279
mu_bod_VL13,0.18800811376422644,-0.07305880164494738,-0.4222466319001147,112
mu_bod_VL14,0.04084199801087379,-0.40164057807827536,-0.60128416093913,275
mu_bod_VL15,0.18413625299930572,0.6106379223863284,-0.07795421805101796,150
mu_bod_VL16,0.05589735683502327,0.1770871481029268,-0.3976694829957023,191
mu_bod_VL17,0.17597106214560254,1.3919323653402462,0.12268358302420714,142
mu_bod_VL18,0.051370207270488195,0.9824838351320337,0.007051226750379961,297
mu_bod_VL19,0.17786707574637925,1.963180008457928,0.039541719328021495,82
mu_bod_VL2,0.013434608272560265,-3.2434856103814167,0.48841175488803695,115
mu_bod_VL20,0.040097555399854205,1.864933128476475,-0.015755915147035764,359
mu_bod_VL21,0.16288987972906657,2.462762604866709,-0.10093190780441676,112
mu_bod_VL22,0.03373022988981226,2.732550391963884,-0.2060695281591402,357
mu_bod_VL23,0.1103200544603169,3.386202210187912,-0.13731646227339903,240
mu_bod_VL24,-0.053641687127503945,-0.1021933728393088,-0.30541983056575694,188
mu_bod_VL3,0.10068135139708584,-2.8473090706644832,0.38518853525857666,74
mu_bod_VL4,0.025678168084206327,-2.9639175023351396,0.3844131486756461,56
mu_bod_VL5,0.13917919265470285,-2.4024872944272797,0.19049407670210147,87
mu_bod_VL6,0.03698528312806842,-2.6950198789186115,0.27644388528564307,79
mu_bod_VL7,0.1697984514222748,-1.921991995011253,-0.107765417460395,87
mu_bod_VL8,0.056471089949878324,-2.233346104621887,0.028814574893360503,119
mu_bod_VL9,0.17025891853164332,-1.3603772830593495,-0.4270568967096565,129
mu_bod_VR1,-0.09283614852556996,-3.228205540600945,0.5206395390571332,102
mu_bod_VR10,-0.05892060914812567,-1.6671469059164665,-0.3408877632865623,219
mu_bod_VR11,-0.18806593785328524,-0.7496602117483105,-0.5649102045489209,112
mu_bod_VR12,-0.05744192075594377,-1.0721121258021231,-0.5925270293024775,287
mu_bod_VR13,-0.19788902420406193,-0.11207346050898985,-0.43259505269139314,129
mu_bod_VR14,-0.061116797829216175,-0.4017935966378586,-0.5989283918250691,275
mu_bod_VR15,-0.19390986820062,0.6096608987947305,-0.07604663314297795,150
mu_bod_VR16,-0.07350899222555585,0.20499099001619983,-0.3813286307438506,191
mu_bod_VR17,-0.18590712246968766,1.3449092183926308,0.1276297707457182,129
mu_bod_VR18,-0.06787457800021877,0.981580482588874,0.00695321595559668,297
mu_bod_VR19,-0.18659272717266548,1.8801542171617833,0.06445045446091127,82
mu_bod_VR2,-0.05233662032696884,-3.2204569671303034,0.48141549597494304,128
mu_bod_VR20,-0.060063904682795204,1.8495478973388673,-0.013430197783435384,375
mu_bod_VR21,-0.17466631895580956,2.416711995767993,-0.08580275200841617,129
mu_bod_VR22,-0.04911221485158915,2.7924721108154116,-0.21222331652368617,341
mu_bod_VR23,-0.12052034440760812,3.394172497590383,-0.13318390586258222,240
mu_bod_VR24,-0.035157828040322976,3.5907967929777347,-0.15850559664326475,304
mu_bod_VR3,-0.12376291219328271,-2.8883655305768623,0.40252876135169485,61
mu_bod_VR4,-0.05578368731209489,-2.9010678275686796,0.36107837933985915,61
mu_bod_VR5,-0.14996745936572553,-2.443420338630676,0.21133545272052287,100
mu_bod_VR6,-0.05789918121364382,-2.656235797064645,0.26262848173815107,63
mu_bod_VR7,-0.18261471390724182,-1.9226823990372406,-0.1052490459680129,87
mu_bod_VR8,-0.06940857208326083,-2.2335238416655723,0.03066518805831076,119
mu_bod_VR9,-0.12023882666131952,-1.3717052261907976,-0.44943367616160884,273
mu_int_L,0.09774382783619401,3.494630979803892,-0.07546228779448519,208
mu_int_R,-0.013631476409500465,3.4991012811660767,-0.07435000935968544,210
NSML,-0.014876470658928156,-2.832150628566742,0.4889088922739029,100
NSMR,-0.022464603111147882,-2.832150640487671,0.48890882134437563,100
OLLL,0.041052290867712046,-2.8958926426397786,0.4966756675291706,148
OLLR,-0.0837705318841177,-2.8958929068333394,0.4966757039766054,148
OLLshL,0.04294497271933194,-3.219899547951562,0.5603657024247306,56
OLLshR,-0.0856632050126791,-3.21989973953792,0.5603656555925097,56
OLLsoL,0.05703605565109423,-3.1267435678413937,0.5526036705289569,56
OLLsoR,-0.09975432165499244,-3.1267434699194774,0.5526037003312793,56
OLQDL,0.02592228354886174,-2.916093728542328,0.5450374588370324,100
OLQDR,-0.06864051695913076,-2.916093637943268,0.5450374883413315,100
OLQshDL,0.03773570878963385,-3.083712714059012,0.5855458485228675,56
OLQshDR,-0.0804539644824607,-3.0837126118796214,0.5855459177068302,56
OLQshVL,0.025451638301213584,-3.2117273012797036,0.5161580408612887,60
OLQshVR,-0.06823439796765646,-3.211736762523651,0.5159112657109897,60
OLQsoDL,0.019742942777358823,-3.279611819320255,0.6092327419254515,36
OLQsoDR,-0.06246119437532292,-3.2796118921703763,0.6092326392730077,36
OLQsoVL,0.01797302584681246,-3.2457772890726724,0.5216830041673448,36
OLQsoVR,-0.06069126994245582,-3.2457772625817194,0.5216830513543553,36
OLQVL,0.03188261979569992,-2.965310908499218,0.4669252158630462,84
OLQVR,-0.07460088327172257,-2.9653109453973316,0.46692523998873575,84
Oocyte_Ant_1,0.07826218785097201,-0.6933937966823578,-0.5052725300192833,24
Oocyte_Ant_10,0.06776660758381088,-2.0793838500976562,0.06805965925256412,24
Oocyte_Ant_2,0.08333336158345143,-0.8571461488803228,-0.5062374124924341,24
Oocyte_Ant_3,0.08819062355905771,-1.0139920338988304,-0.48687655478715897,24
Oocyte_Ant_4,0.08256855234503746,-1.1614886969327927,-0.446076179544131,24
Oocyte_Ant_5,0.08148820574084918,-1.2953515648841858,-0.3852670614918073,24
Oocyte_Ant_6,0.07663279973591368,-1.4561638484398525,-0.31221590129037696,24
Oocyte_Ant_7,0.07815038847426574,-1.6510545710722606,-0.20922473010917506,24
Oocyte_Ant_8,0.07629811282580097,-1.8221621016661327,-0.10707822923238079,24
Oocyte_Ant_9,0.07282858916247885,-1.9577960819005966,-0.018592503232260544,24
Oocyte_Post_1,-0.11521250754594803,1.9344094892342885,0.13983860239386559,24
Oocyte_Post_2,-0.11316711936766903,2.0955524941285453,0.09660336045393099,24
Oocyte_Post_3,-0.11129010701552033,2.2656348447004953,0.04860031643571953,24
Oocyte_Post_4,-0.11129010996470849,2.4652062753836312,-0.015890643233433366,24
Oocyte_Post_5,-0.10016839873666565,2.692032148440679,-0.07446643706255902,24
Oocyte_Post_6,-0.08211397550379236,2.895315945148468,-0.11035890473673741,24
Oocyte_Post_7,-0.07665655078987281,3.0697600742181144,-0.1193200374643008,24
Oocyte_Post_8,-0.07360605957607429,3.2521952311197917,-0.10609103466073672,30
PDA,-0.02177101490919345,3.711022981575557,0.05742099422163197,112
PDB,-0.014952139782586268,3.8706082292965482,0.13628375328012876,140
PDEL,0.0083476619150203,0.866144166686214,-0.14571127780856422,208
PDER,-0.05426311471833373,0.8728227927437369,-0.14233113811263498,212
PHAL,0.0124088553362526,3.9647556871175764,0.0022926995530724525,80
PHAR,-0.03495841640979051,3.9647555530071257,0.002292734268121421,80
Phar_Gland_Dorsal_g2,-0.036852176541067434,-2.6803502548824656,0.44356506566206616,132
Phar_Gland_g1_L,0.009314724788456769,-2.6162773773267674,0.39078323281817623,308
Phar_Gland_g1_R,-0.04923028483365973,-2.6687422858344183,0.41442013945844436,72
Phar_Gland_g2_VL,0.013288993937294435,-2.48555850610137,0.3492228835821152,64
Phar_Gland_g2_VR,-0.05635673989308998,-2.485530521720648,0.34921159967780113,64
Pharyn-Intest-Valve,-0.021620657629682682,-2.322232998907566,0.32662558532319963,128
Pharynx,-5.106752117474874e-08,-4.0942714327857605e-07,9.173438662574404e-06,168
PHBL,0.012409013154683634,3.974306491017342,0.007439064607024193,80
PHBR,-0.03443733216263354,3.9743064612150194,0.0074390777153894305,80
PHCL,0.007021570149809122,4.025883274078369,0.045774491764605046,100
PHCR,-0.0321773849055171,4.025883643627167,0.04577446889132261,100
PHshL,0.007930580002721399,4.151559382677078,0.14219637773931026,32
PHshR,-0.020576621987856925,4.151559203863144,0.14219636004418135,32
PHso1L,0.0070610040067029855,4.179648756980896,0.14478163101843425,56
PHso1R,-0.01986809367580073,4.179648416382926,0.14478160866669246,56
PHso2L,0.006528197496663779,4.184009393056233,0.1452325244123737,48
PHso2R,-0.019324487579676013,4.1840089956919355,0.1452325445910295,48
PLML,0.15662709995586838,2.5441495895385744,0.06613317396905687,180
PLMR,-0.1680919981561601,2.544150217374166,0.06613317502455579,180
PLNL,0.10856813844293356,0.7144453445306191,-0.007368268069023123,208
PLNR,-0.1278830388457411,0.714502775006824,-0.003161527475135194,216
pm1,-0.020861037907057574,-3.2163031565678586,0.5569602916767071,308
pm2D,-0.021279800773805216,-3.3755890909168453,0.6008905019197199,144
pm2VL,-0.00044597027913874225,-3.387311221824752,0.56697628647089,144
pm2VR,-0.042588691459968686,-3.3807854056358337,0.565820861411722,152
pm3D,-0.021363710567492283,-3.232738641142114,0.5968623687884559,163
pm3VL,0.011936238536321038,-3.2365431174561006,0.543092175344726,199
pm3VR,-0.0527599380875472,-3.2410393382112184,0.5449792936754724,192
pm4D,-0.02335763687961826,-2.9770263643825756,0.5900676747163137,102
pm4VL,0.028072236114585737,-2.9888676562399232,0.5018555431995751,106
pm4VR,-0.0703311635638183,-2.9883048804301136,0.5021265579282113,106
pm5D,-0.021389887092963737,-2.7770386247073904,0.5175771124222699,170
pm5VL,0.016955840540753237,-2.7818401026877626,0.4474922219279465,157
pm5VR,-0.06224021504558351,-2.7820411146122175,0.44826425666356606,137
pm6D,-0.02136106452995673,-2.5161422428331877,0.4556384920177603,133
pm6VL,0.0415135940681853,-2.53274479026566,0.34931158751784686,167
pm6VR,-0.08257271702480472,-2.5305408776975145,0.34691428787568035,153
pm7D,-0.021423444841298964,-2.4216310699264723,0.4401346065781333,154
pm7VL,0.04732197077131607,-2.4322755202441146,0.32507339046454764,142
pm7VR,-0.08905516519610371,-2.4440218091011046,0.32151646646005766,140
pm8,-0.021368261825825487,-2.367721744946071,0.35648039302655626,28
PQR,0.0068569825671147555,3.98428555081288,0.00917026303553333,96
PVCL,-0.015930781257338822,0.6599966853351916,-0.07348844934633728,236
PVCL.001,-0.05403187599979707,-4.168821634480455,-0.16689176068137415,244
PVCR,-0.041463064220657604,0.6528887094044294,-0.06530594305120042,244
PVDL,0.1824194618545612,0.6482185321137605,-0.04842383861050072,6999
PVDR,-0.19694844610973117,0.6476134497067858,-0.04845229015260232,6995
PVM,0.019241105865787814,0.7108858717051713,-0.17243025163691994,148
PVNL,-0.021916949023891772,-0.6860370233046765,0.12903672326071075,392
PVNR,-0.03586897126634617,-0.238380156008594,0.06526465144524553,332
PVPL,-0.025884081345933597,0.06340458530646104,-0.08804117537175234,208
PVPR,0.013140516199055128,0.04377087354660034,-0.09439887348562478,200
PVQL,0.02436071395277395,0.7142384326725733,-0.05573478935275489,256
PVQR,-0.04171800528401657,0.6640737768972204,-0.05818995173802481,252
PVR,-0.027072348953592347,0.7217058758986624,0.005224698100631174,304
PVT,-0.032694995320828944,-0.4193720062573751,-0.01024844233567516,240
PVWL,0.01412304088315817,3.930269241333008,-0.021940999472623363,68
PVWR,-0.04009380194303744,3.9302693640484527,-0.021940946133862084,68
Rachis_A,0.08538959157087055,-1.12291141231453,-0.10340386797107902,102
Rachis_P,-0.0851505602660932,2.754428369957104,0.07742530663023915,114
rect_D,-0.03409243681068931,3.8280906890119826,0.06456572968246681,56
rect_VL,-0.0027230493869865313,3.826679416000843,-0.005324884677975206,32
rect_VR,-0.07052882213611156,3.8263550251722336,-0.0021186570083955303,32
RIAL,-0.005508908829479305,-2.73007991137328,0.43744539110748853,108
RIAR,-0.03673041215235436,-2.730080032790149,0.4374453861404348,108
RIBL,0.02301831120117144,-2.7198294527602918,0.42988847896005167,132
RIBR,-0.06573653988765948,-2.719829151124665,0.42988847308989725,132
RICL,-0.003710485976905777,-2.7053893414827495,0.40194219981248563,104
RICR,-0.03913185591451251,-2.7053894010873942,0.40194223849819255,104
RID,0.012028388218216909,-0.8679839987049086,0.3344310546397335,288
RIFL,0.011850783606860205,-2.626905757933855,0.34920631465502083,64
RIFR,-0.0589433959685266,-2.649496078491211,0.36820990359410644,64
RIGL,0.012724720717718204,-2.597800306479136,0.34717763066291807,60
RIGR,-0.05697865119824807,-2.6272618651390074,0.3618201936284701,60
RIH,-0.012780969838786405,-2.7180508952587843,0.41423285542987287,128
RIML,-0.007514251811379516,-2.701974876829096,0.37656567930369766,148
RIMR,-0.03439002740826156,-2.7019748478322416,0.37656568735837936,148
RIPL,-0.004341044143906661,-2.8201124055044993,0.4952693583709853,140
RIPR,-0.03837719189801386,-2.8201123561177934,0.49526937838111607,140
RIR,-0.03998926509585646,-2.7230160501268177,0.42585922639679025,108
RIS,-0.05069232310937798,-2.6889158202254255,0.40160733947287436,92
RIVL,-0.025226874576988988,-2.7243569837166715,0.44800519140867084,104
RIVR,-0.017491362272546843,-2.7243568988946767,0.4480051558751326,104
RMDDL,0.002554852166213095,-2.7313215248286724,0.45086038392037153,64
RMDDR,-0.044279457826633006,-2.7313214540481567,0.4508603923022747,64
RMDL,-0.012318719980410404,-2.7360618942313724,0.45522165877951515,72
RMDR,-0.029911943814820714,-2.7360617187288074,0.45522162235445446,72
RMDVL,-0.014069640232870976,-2.7353838913970523,0.45637888461351395,72
RMDVR,-0.028113774851792388,-2.735384467575285,0.4563790158265167,72
RMED,-0.014710994604918655,-2.6242919525792523,0.47485769708310405,124
RMEL,-0.01362569994914035,-2.7422856854067907,0.45637624793582493,72
RMER,-0.028929730256398518,-2.7422854039404125,0.45637621523605454,72
RMEV,-0.02479199325016728,-0.7153335655616089,0.034942686514554996,264
RMFL,-0.02367263423678066,-2.7216916850634982,0.4232645572296211,112
RMFR,-0.01856402976305357,-2.7216915296656743,0.423264581444008,112
RMGL,0.030323769710958005,-2.5658143281936647,0.3082113126292825,80
RMGR,-0.07304199319332838,-2.565814235806465,0.3082112351432443,80
RMHL,-0.02622331223600278,-2.725132610116686,0.4386885070375034,112
RMHR,-0.01628594522896622,-2.7251326931374416,0.4386884591409138,112
SAADL,-0.027984976019452962,-2.748602016976005,0.4505160047035468,152
SAADR,-0.013511856809552563,-2.7486018789441964,0.4505159935276759,152
SAAVL,-0.014203053010676644,-2.731119830357401,0.4135382465626064,152
SAAVR,-0.02861336920116293,-2.731120205239246,0.4135382426412482,152
SABD,-0.03332855640023592,-2.6800900044895353,0.4431983641171384,168
SABVL,0.03314759509105768,-2.6537226906844547,0.3100802073521273,56
SABVR,-0.08109376872224468,-2.653722822666168,0.31008023981537136,56
SDQL,0.12383179221716192,-0.6559906344498612,0.2526394083656164,144
SDQR,-0.07735784289737542,-2.2905498374076116,0.2889720800199679,84
Seam_Cells_Left,0.22007118109827753,0.42481552599661654,0.03457974598625268,348
Seam_Cells_Right,-0.23190075437399163,0.424815411283367,0.0345776502856578,348
SIADL,-0.09433614617535988,-0.9535304956863491,0.28183603218684977,208
SIADR,0.06940312450751662,-0.9535306148239985,0.282021948037884,208
SIAVL,0.11986309149320803,-0.5625086170347298,0.01625819667698998,204
SIAVR,-0.14394069477623583,-0.5625085105717766,0.016257877963795967,204
SIBDL,-0.0913872589875575,-0.9978896231864983,0.270335164237416,212
SIBDR,0.066081377045023,-0.9978896573818518,0.2703351116967651,212
SIBVL,-0.09154482896842842,-1.0888949488637163,0.1245843185348186,268
SIBVR,0.06223033953791679,-1.0888948157262892,0.12454689564461362,268
SMBDL,-0.0981108809306108,-0.7795318928249972,0.26192881729691586,188
SMBDR,0.07557420644592097,-0.7795319179508914,0.2619287994234486,188
SMBVL,0.09969298260543367,-0.8254414329562207,0.06481348106573367,232
SMBVR,-0.12413190074810951,-0.8254412000934626,0.0648134384416686,232
SMDDL,-0.10091515519889072,-0.8210913410487896,0.2713630938184603,192
SMDDR,0.07673357733680557,-0.8210910787262643,0.2713631056928231,192
SMDVL,-0.1223388435677267,-0.6176229358579104,0.051797453206605636,208
SMDVR,0.09826153814076231,-0.6176228314065016,0.0517975794724547,208
Sp_bag_A_1D,0.07358263835310935,-0.47300990641117097,-0.4443913596868515,50
Sp_bag_A_1L,0.10276541665196419,-0.4732303100824356,-0.4724176424741745,50
Sp_bag_A_1R,0.04536240637302399,-0.47432111024856566,-0.47184129238128664,50
Sp_bag_A_1V,0.07350566498935222,-0.47520668029785157,-0.5001847052574158,50
Sp_bag_A_2D,0.07344166338443756,-0.44271804243326185,-0.4488550513982773,40
Sp_bag_A_2L,0.11014448776841164,-0.4422741271555424,-0.4850048638880253,40
Sp_bag_A_2R,0.03674497278407216,-0.4422856688499451,-0.48523500338196757,40
Sp_bag_A_2V,0.07370227640494705,-0.44138302132487295,-0.5221841134130955,40
Sp_bag_A_3D,0.07357205105945468,-0.40199271962046623,-0.4398375406861305,40
Sp_bag_A_3L,0.11016690991818905,-0.40033884570002554,-0.47609907016158104,40
Sp_bag_A_3R,0.03710047323256731,-0.4003916569054127,-0.4758181057870388,40
Sp_bag_A_3V,0.07318131430074573,-0.3983920566737652,-0.5124379307031631,40
Sp_bag_A_4D,0.07425557319074869,-0.342625842243433,-0.4270560085773468,40
Sp_bag_A_4L,0.11028370819985867,-0.340009842813015,-0.4633162930607796,40
Sp_bag_A_4R,0.036916325730271635,-0.3402313761413097,-0.46316862776875495,40
Sp_bag_A_4V,0.07347448579967022,-0.33756439462304116,-0.5000290386378765,40
Sp_bag_P_1D,-0.09065685033798218,1.674408893585205,0.18331877052783965,50
Sp_bag_P_1L,-0.06243661873042584,1.6816747903823852,0.1564558506011963,50
Sp_bag_P_1R,-0.11983962953090668,1.6800061821937562,0.15568113222718238,50
Sp_bag_P_1V,-0.09057987734675407,1.6875486826896668,0.12842221245169638,50
Sp_bag_P_2D,-0.09051587600260973,1.6266178965568543,0.17606326192617416,40
Sp_bag_P_2L,-0.0538191816303879,1.6319688618183137,0.1399880399927497,40
Sp_bag_P_2R,-0.1272187078371644,1.631934717297554,0.14021882135421038,40
Sp_bag_P_2V,-0.09077648958191276,1.6366223305463792,0.10319549068808556,40
Sp_bag_P_3D,-0.09064625529572368,1.560873031616211,0.18120067119598388,40
Sp_bag_P_3L,-0.054174682358279824,1.5643274813890458,0.14538156222552062,40
Sp_bag_P_3R,-0.12724112905561924,1.5642644226551057,0.1450880529358983,40
Sp_bag_P_3V,-0.09025551928207279,1.567210003733635,0.10882457084953785,40
Sp_bag_P_4D,-0.09132977798581124,1.465080377459526,0.18827895633876324,40
Sp_bag_P_4L,-0.053990530362352726,1.467291310429573,0.1522696688771248,40
Sp_bag_P_4R,-0.12735790759325027,1.4669546276330947,0.15208136271685363,40
Sp_bag_P_4V,-0.09054869059473276,1.4691197216510772,0.11542183589190244,40
Sp_neck_A_1L,0.08618388324975967,-0.5286882072687149,-0.46632831245660783,20
Sp_neck_A_1R,0.06128580551594496,-0.5286372363567352,-0.46637385338544846,20
Sp_neck_A_2L,0.08618261329829693,-0.5185810476541519,-0.4641927987337112,20
Sp_neck_A_2R,0.061287073977291585,-0.51853007376194,-0.4642383396625519,20
Sp_neck_A_3L,0.08620384074747563,-0.5085473775863647,-0.46221491396427156,20
Sp_neck_A_3R,0.06126585081219673,-0.5085473775863647,-0.46221491396427156,20
Sp_neck_A_4L,0.0862025685608387,-0.49846905320882795,-0.4600617244839668,20
Sp_neck_A_4R,0.061267119646072385,-0.49846905320882795,-0.4600617244839668,20
Sp_neck_P_1L,-0.07836002595722676,1.7657281517982484,0.16724537834525108,20
Sp_neck_P_1R,-0.10325810350477696,1.7658048212528228,0.16730040237307547,20
Sp_neck_P_2L,-0.07836129348725081,1.7493165910243988,0.16770361885428428,20
Sp_neck_P_2R,-0.10325683243572711,1.7493932664394378,0.16775864362716675,20
Sp_neck_P_3L,-0.07834007050842047,1.7333276569843292,0.16942193657159804,20
Sp_neck_P_3R,-0.1032780610024929,1.7333276569843292,0.16942193880677223,20
Sp_neck_P_4L,-0.0783413389697671,1.716995644569397,0.17001868337392806,20
Sp_neck_P_4R,-0.10327678844332695,1.716995644569397,0.17001868411898613,20
Sp_Ut_Valve_Ant,0.0770057767836584,-0.25830988503164715,-0.4211745833357175,36
Sp_Ut_Valve_Post,-0.09880199459277922,1.3696537282731798,0.17153449087507194,36
Spermatheca_Ant,-0.00017789825797080993,-0.0004648350179195404,0.002729009836912155,40
Spermatheca_Ant.001,0.0008725978434085846,0.0004770008847117424,0.002561590075492859,40
Spermatheca_Ant.002,-0.00017786435782909393,9.706877171993256e-05,0.0013808518648147582,40
Spermatheca_Ant.004,-0.000665808841586113,0.00039229076355695724,0.0037960886955261232,40
Spermatheca_Ant.005,-0.0002635106444358826,0.0026664231903851033,0.0010460004210472106,40
Spermatheca_Ant.006,0.0006104331463575363,0.0006601590663194657,0.0040459223091602325,40
Spermatheca_Ant.007,-0.00043818950653076174,0.003965000808238983,0.0022837597876787185,40
Spermatheca_Ant.008,0.00027136243879795076,-1.0022521018981934e-05,0.0034541551023721693,40
Spermatheca_Ant.009,-0.0002635512501001358,0.0014222627505660057,0.002015661168843508,40
Spermatheca_Ant.010,-0.0007984824478626251,0.0001328699290752411,0.0032564915716648104,40
Spermatheca_Ant.011,0.00034826956689357755,-0.0010995717719197273,0.0015589483082294464,40
Spermatheca_Ant.012,8.61097127199173e-05,8.667558431625366e-05,0.002494868077337742,40
Spermatheca_Ant.013,0.0013969250023365021,9.3071348965168e-05,0.0037783879786729814,40
Spermatheca_Ant.014,0.0002712912857532501,0.0025353841483592987,0.0021050095558166502,40
Spermatheca_Ant.015,0.0002712678164243698,0.0038955409079790117,0.0023894958198070527,40
Spermatheca_Ant.016,-0.0001778680831193924,-0.00020470432937145234,0.0013061709702014922,40
Spermatheca_Ant.017,-0.00017788857221603393,-0.0002876076847314835,0.0029500830918550492,40
Spermatheca_Ant.018,-0.0001778744161128998,-0.0004956522956490516,0.0022401077672839164,40
Spermatheca_Ant.019,-0.0001779083162546158,-0.0001436149701476097,0.00422261580824852,40
Spermatheca_Ant.020,-0.000665811076760292,0.0004929255694150925,0.0030511118471622466,40
Spermatheca_Ant.021,-0.0006658177822828293,0.0007497372105717659,0.0018830422312021255,40
Spermatheca_Ant.022,-0.0006658047437667847,0.0010415863245725632,0.001884814165532589,40
Spermatheca_Ant.023,-0.0006657931953668594,0.000713963620364666,0.0017520375549793243,40
Spermatheca_Ant.024,-0.0006657995283603669,0.0012890512123703956,0.0027144107967615127,40
Sph_mu,-0.03464947379303768,3.812774095465155,0.013657121404642513,136
U,-0.028568426962010562,3.8986943711837134,-0.0014574155381221014,48
um1L_Ant,0.10613561486825347,0.4483324155211449,-0.15966231375932693,40
um1L_Post,0.11428515435281125,0.5971899357709017,-0.08245111428285865,44
um1R_Ant,-0.11678569372743368,0.45252955704927444,-0.17685575308278204,40
um1R_Post,-0.1200975850224495,0.5852439284324646,-0.09517471351427957,40
um2L_Ant,0.0925641259799401,0.25667016400645176,-0.21303074136376382,120
um2L_Post,0.090955416765064,0.845029054582119,0.07951817026672264,120
um2R_Ant,-0.09601956938082973,0.2565685675169031,-0.2145634020368258,120
um2R_Post,-0.09420129892726739,0.8450113852818807,0.07883816178073175,120
URADL,0.024406862585316918,-2.9242281369541003,0.5506375082161116,92
URADR,-0.06712500400760252,-2.924228240614352,0.5506375095118647,92
URAVL,0.011245626753883525,-2.905130128065745,0.4393041729927063,84
URAVR,-0.0539638313376123,-2.905130020209721,0.43930417334749583,84
URBL,0.0470477916699435,-2.8844688023839677,0.4932865894266537,56
URBR,-0.08976601383515767,-2.884468678917204,0.4932865207748754,56
URXL,0.026577458018437028,-2.8546551682732324,0.5139004137705673,88
URXR,-0.06929570000449364,-2.8546550653197547,0.5139003964987668,88
URYDL,0.027995517267094504,-2.925732845260251,0.5516809160190244,124
URYDR,-0.07071377285906384,-2.925733035610568,0.5516809977350696,124
URYVL,0.027572951102185817,-2.914474844932556,0.45915646602710086,84
URYVR,-0.07029117732530549,-2.9144745696158636,0.45915646318878445,84
ut1_Ant,-0.0048694432771299034,0.4341063459869474,-0.13988332828739658,128
ut1_Post,-0.0005283527130234069,0.6435134855733402,-0.0242166557286839,138
ut2_Ant,-0.011182117625139654,0.22792609815951437,-0.22255690512247384,64
ut2_Post,-0.007806952111423016,0.8660934409126639,0.09487229464139091,64
ut3_Ant,0.01772990869358182,0.05871139305236284,-0.3133905278518796,64
ut3_Post,-0.052803777158260345,1.0679905513922374,0.14804178313352168,48
ut4_Ant,0.06103248516511586,-0.1137739709423234,-0.38286321113506955,36
ut4_Post,-0.11456278525292873,1.2348352273305256,0.15710038086399436,48
utse,-0.006431474364293155,0.5261231912995008,-0.04326945876897271,268
uv1_Ant,-0.00828597549458637,0.4927179616163759,-0.12500311984844945,68
uv1_Post,-0.005229530636878575,0.5499342688742805,-0.09314394949058838,68
uv2_Ant,-0.006537699866492082,0.4785621902521919,-0.12366022183285917,68
uv2_Post,-0.005120452794739429,0.560715031097917,-0.08148455659530181,68
uv3_Ant,0.0001759212784236297,0.49821598728497823,-0.17317346235116324,30
uv3_Post,-3.405523117786894e-05,0.5840739369392395,-0.12638451059659322,30
VA1,-0.021371822996297852,-2.6009605914354323,0.21852311305701733,80
VA10,-0.016058071953011677,2.2704138718545437,-0.1464289715513587,64
VA11,-0.015101117237160603,3.049884448448817,-0.24675096633533636,48
VA12,-0.001235336194642716,3.2587897380193076,-0.21602345423565972,36
VA2,-0.01716016468902429,-2.3398240009943643,0.045395878485093515,60
VA3,-0.01551041684837805,-2.0181122455332012,-0.15317342782186139,72
VA4,-0.01637046936115152,-1.5521453775857623,-0.35498477949907903,76
VA5,-0.015922260483623378,-0.8453537535129322,-0.5171569702732894,72
VA6,-0.03412327622235925,-0.029122154193895834,-0.3566901496163121,108
VA7,-0.03341583945023428,0.49459118329520735,-0.20487380496654492,112
VA8,-0.034105172768856086,0.9139557386989947,-0.142011564914827,108
VA9,-0.03596559722907841,1.2220397901535034,-0.1317250496149063,100
VB1,-0.01441431637880776,-1.9572877490016467,-0.033355709932306236,136
VB10,-0.015788009972311556,2.641176936030388,-0.14984254594892263,80
VB11,-0.01575841732761439,2.9171622150084553,-0.20569668403443167,68
VB2,-0.02024617878299567,-1.8437458417348322,-0.08394912149636977,124
VB3,-0.033268874735637964,-0.9308819882571697,-0.2759247399933104,112
VB4,-0.039313001558184624,-0.4101420377691587,-0.28639773825804393,120
VB5,-0.031907356600277124,0.04412240386009216,-0.3229962088167667,120
VB6,-0.03276663634861852,0.43171724677085876,-0.3248300375095729,116
VB7,-0.043137194660420604,1.1863423118797631,-0.1866112510458781,104
VB8,-0.025536696874321654,1.8511574130791884,-0.09523879767108995,104
VB9,-0.015642856480553746,2.4034676645931445,-0.09558665762214284,76
VC1,-0.03029223099195709,-0.9827316651741663,-0.28455457848807175,120
VC2,-0.030084601615921462,-0.7149826856330037,-0.3870041412966592,112
VC3,-0.019890761879548007,0.39267137037356376,-0.1409606617924414,247
VC4,-0.011436404411991436,0.4833567393322786,-0.18254660765329997,120
VC5,-0.011436396348290145,0.5909655436873436,-0.12286252106229464,120
VC6,-0.01613504659118397,1.516991311950343,-0.00465271931274661,56
VD1,-0.0371254693441601,-2.4244776639071377,0.31394987318410794,132
VD10,-0.05281953373121034,2.1752220125033936,0.11004694766397106,116
VD11,-0.049273447454746426,2.608841026651448,-0.03650038721489495,116
VD12,-0.04504823968906341,3.120000181526973,-0.08653004615214364,116
VD13,-0.03785519029146859,3.617413946560451,-0.047116841189563274,112
VD2,0.043075661598704754,-2.288123281002045,0.25212034467142075,100
VD3,-0.05819229734166024,-1.9769348123898873,0.04859515308187558,104
VD4,-0.05113945111375431,-1.5469345912851136,-0.22647366672754288,116
VD5,-0.049468593591631485,-0.9593728693394825,-0.429034358468549,116
VD6,-0.0546721332818912,-0.387999213533476,-0.41911299179854067,116
VD7,-0.06924738356787147,0.20856615246245355,-0.1636550338995276,132
VD8,-0.04469015988029747,0.8937343843281269,0.18386607725794116,144
VD9,-0.053041658330974836,1.647026619740895,0.22498329190005148,112
virL,-0.024133041301476105,3.818295955657959,0.02446861479308739,28
virR,-0.04848587140440941,3.818296049322401,0.024734918767145637,28
vm1L_Ant,0.06640931498259306,0.48749912828207015,-0.1896617591381073,20
vm1L_Post,0.06865548404554526,0.5958980148037275,-0.12547876251240572,24
vm1R_Ant,-0.06358236990248163,0.4843636291722457,-0.20004692301154137,24
vm1R_Post,-0.07102876389399171,0.5921713784337044,-0.12991143142183623,24
vm2L_Ant,0.041608489211648704,0.48969726711511613,-0.19126142486929892,20
vm2L_Post,0.03821207955479622,0.5928475320339203,-0.13074494972825051,20
vm2R_Ant,-0.04285313505679369,0.4896006122231483,-0.19353657364845275,20
vm2R_Post,-0.04256178103387356,0.5950491726398468,-0.13276188783347606,20
vpi1,-0.021572368626948446,-2.3304366059601307,0.3288409924134612,64
vpi2_DL,0.0062551931322862705,-2.321776755650838,0.35481053839127225,60
vpi2_DR,-0.04956017763664325,-2.321773648262024,0.35485288947820665,60
vpi2_V,-0.021573478562964335,-2.3249676624933877,0.31139306931032074,72
vpi3_D,-0.02157237073406577,-2.325092617670695,0.3607492223381996,60
vpi3_V,-0.021572357633461554,-2.3287899494171143,0.3103662138183912,60
vulA,0.0029218571493402124,0.564026690274477,-0.19067080039530993,40
vulB1,-0.0003528114888467826,0.557215391099453,-0.17935319934040309,40
vulB2,-8.522006755811163e-05,0.5510486267507076,-0.17249601446092128,40
vulC,0.00011568557529244572,0.5485313750803471,-0.16777781546115875,40
vulD,0.0001711145305307582,0.5463830709457398,-0.16282384004443884,40
vulE,-0.001771022034517955,0.5271369952708482,-0.119829252170166,80
vulF,0.0007726427909801714,0.5402973920106888,-0.1535786833614111,40
XXXL,0.041674656234681605,-2.86523796916008,0.4541319407522678,40
XXXR,-0.08439292255789041,-2.8652383148670197,0.4541320264339447,40
Y,-0.023681084955266368,3.953712224960327,-0.014278096108076474,48
