genotype,date,n_particles,n_reversals,n_pirouettes,n_excluded,speed,reversal_rate,pirouette_rate,speed_norm,reversal_rate_norm,pirouette_rate_norm,speed_date_matched,reversal_rate_date_matched,pirouette_rate_date_matched,results_dir
N2,20260122,91,12,19,0,0.2307,0.6245,0.6454,1.4130,0.4509,0.4195,True,True,True,/Volumes/User Homes/ODlab-user/UserFolders/Nawaphat/6 CEST-2.1/Locomotion_Off food/0_COMPLETE!!/N2/20260122 N2 off food-01222026135907-0000_results
N2,20260123,47,27,23,0,0.2144,0.5453,0.4890,1.3128,0.3937,0.3178,True,True,True,/Volumes/User Homes/ODlab-user/UserFolders/Nawaphat/6 CEST-2.1/Locomotion_Off food/0_COMPLETE!!/N2/20260123 N2 off food-01232026141743-0000_results
N2,20260124,84,19,37,0,0.1822,0.3817,1.3636,1.1158,0.2756,0.8863,True,True,True,/Volumes/User Homes/ODlab-user/UserFolders/Nawaphat/6 CEST-2.1/Locomotion_Off food/0_COMPLETE!!/N2/20260124 N2 off food-01242026120444-0000_results
N2,20260129,64,96,64,0,0.1591,1.0986,0.8214,0.9746,0.7931,0.5339,True,True,True,/Volumes/User Homes/ODlab-user/UserFolders/Nawaphat/6 CEST-2.1/Locomotion_Off food/0_COMPLETE!!/N2/20260129_N2_off_food-01292026141059-0000_results
N2,20260202,121,60,80,0,0.1574,0.7803,0.8567,0.9642,0.5633,0.5569,True,True,True,/Volumes/User Homes/ODlab-user/UserFolders/Nawaphat/6 CEST-2.1/Locomotion_Off food/0_COMPLETE!!/N2/20260202_N2_off_food-02022026132114-0000_results
N2,20260203,188,119,127,0,0.1866,1.0729,1.1605,1.1426,0.7745,0.7543,True,True,True,/Volumes/User Homes/ODlab-user/UserFolders/Nawaphat/6 CEST-2.1/Locomotion_Off food/0_COMPLETE!!/N2/20260203_N2_off_food-02032026135727-0000_results
N2,20260204,206,177,130,0,0.1476,1.8600,1.0717,0.9039,1.3428,0.6966,True,True,True,/Volumes/User Homes/ODlab-user/UserFolders/Nawaphat/6 CEST-2.1/Locomotion_Off food/0_COMPLETE!!/N2/20260204_N2_off_food-02042026134115-0000_results
N2,20260205,82,54,33,0,0.1737,0.7317,0.6024,1.0637,0.5282,0.3915,True,True,True,/Volumes/User Homes/ODlab-user/UserFolders/Nawaphat/6 CEST-2.1/Locomotion_Off food/0_COMPLETE!!/N2/20260205_N2_off_food-02052026140220-0000_results
N2,20260206,340,194,137,0,0.1242,2.3045,1.3670,0.7605,1.6637,0.8886,True,True,True,/Volumes/User Homes/ODlab-user/UserFolders/Nawaphat/6 CEST-2.1/Locomotion_Off food/0_COMPLETE!!/N2/20260206_N2_off_food-02062026144842-0000_results
N2,20260207,208,115,97,0,0.1588,0.9483,0.5507,0.9727,0.6846,0.3580,True,True,True,/Volumes/User Homes/ODlab-user/UserFolders/Nawaphat/6 CEST-2.1/Locomotion_Off food/0_COMPLETE!!/N2/20260207_N2_off_food-02072026134217-0000_results
N2,20260209,230,104,107,0,0.1521,1.2882,1.2589,0.9318,0.9300,0.8183,True,True,True,/Volumes/User Homes/ODlab-user/UserFolders/Nawaphat/6 CEST-2.1/Locomotion_Off food/0_COMPLETE!!/N2/20260209_N2_off_food-02092026135821-0000_results
N2,20260210,102,141,101,0,0.1681,1.5365,0.8818,1.0295,1.1092,0.5732,True,True,True,/Volumes/User Homes/ODlab-user/UserFolders/Nawaphat/6 CEST-2.1/Locomotion_Off food/0_COMPLETE!!/N2/20260210_N2_off_food-02102026132625-0000_results
N2,20260211,40,10,44,0,0.1594,1.2605,0.5514,0.9764,0.9100,0.3584,True,True,True,/Volumes/User Homes/ODlab-user/UserFolders/Nawaphat/6 CEST-2.1/Locomotion_Off food/0_COMPLETE!!/N2/20260211_N2_off_food-02112026131042-0000_results
N2,20260217,228,83,86,0,0.1603,1.2071,1.0788,0.9814,0.8714,0.7012,True,True,True,/Volumes/User Homes/ODlab-user/UserFolders/Nawaphat/6 CEST-2.1/Locomotion_Off food/0_COMPLETE!!/N2/20260217_N2_off_food-02172026134623-0000_results
N2,20260218,313,134,147,0,0.1611,1.2657,1.0706,0.9867,0.9137,0.6959,True,True,True,/Volumes/User Homes/ODlab-user/UserFolders/Nawaphat/6 CEST-2.1/Locomotion_Off food/0_COMPLETE!!/N2/20260218_N2_off_food-02182026112403-0000_results
N2,20260219,124,130,118,0,0.1339,2.2637,2.2947,0.8199,1.6342,1.4915,True,True,True,/Volumes/User Homes/ODlab-user/UserFolders/Nawaphat/6 CEST-2.1/Locomotion_Off food/0_COMPLETE!!/N2/20260219_N2_off_food-02192026102616-0000_results
N2,20260221,33,13,16,0,0.1595,1.1180,2.1876,0.9770,0.8071,1.4219,True,True,True,/Volumes/User Homes/ODlab-user/UserFolders/Nawaphat/6 CEST-2.1/Locomotion_Off food/0_COMPLETE!!/N2/20260221_N2_off_food-02212026121715-0000_results
N2,20260222,104,92,66,0,0.1484,0.7175,0.7093,0.9086,0.5180,0.4611,True,True,True,/Volumes/User Homes/ODlab-user/UserFolders/Nawaphat/6 CEST-2.1/Locomotion_Off food/0_COMPLETE!!/N2/20260222_N2_off_food-02222026101849-0000_results
N2,20260224,244,243,203,0,0.1469,3.3722,2.0536,0.8997,2.4344,1.3349,True,True,True,/Volumes/User Homes/ODlab-user/UserFolders/Nawaphat/6 CEST-2.1/Locomotion_Off food/0_COMPLETE!!/N2/20260224_N2_off_food-02242026102516-0000_results
N2,20260225,170,97,60,0,0.1713,0.9598,0.5273,1.0491,0.6929,0.3427,True,True,True,/Volumes/User Homes/ODlab-user/UserFolders/Nawaphat/6 CEST-2.1/Locomotion_Off food/0_COMPLETE!!/N2/20260225_N2_off_food-02252026102231-0000_results
N2,20260227,104,106,90,0,0.1704,1.3260,1.3916,1.0435,0.9572,0.9045,True,True,True,/Volumes/User Homes/ODlab-user/UserFolders/Nawaphat/6 CEST-2.1/Locomotion_Off food/0_COMPLETE!!/N2/20260227_N2_off_food-02272026093831-0000_results
N2,20260306,81,68,87,0,0.1525,3.3951,5.6619,0.9341,2.4510,3.6802,True,True,True,/Volumes/User Homes/ODlab-user/UserFolders/Nawaphat/6 CEST-2.1/Locomotion_Off food/0_COMPLETE!!/N2/20260306_N2_off_food-03062026102126-0000_results
N2,20260307,68,49,90,0,0.1369,1.8017,6.7891,0.8384,1.3007,4.4129,True,True,True,/Volumes/User Homes/ODlab-user/UserFolders/Nawaphat/6 CEST-2.1/Locomotion_Off food/0_COMPLETE!!/N2/20260307_N2_off_food-03072026084355-0000_results
T10C6.6,20260126,38,26,65,0,0.1135,1.0405,2.4803,0.6950,0.7512,1.6122,False,False,False,/Volumes/User Homes/ODlab-user/UserFolders/Nawaphat/6 CEST-2.1/Locomotion_Off food/0_COMPLETE!!/T10C6.6/20260126 T10C6.6 off food-01262026141928-0000_results
T10C6.6,20260128,93,77,325,0,0.0747,1.4674,9.1171,0.4577,1.0593,5.9261,False,False,False,/Volumes/User Homes/ODlab-user/UserFolders/Nawaphat/6 CEST-2.1/Locomotion_Off food/0_COMPLETE!!/T10C6.6/20260128 T10C6.6 off food-01282026133128-0000_results
T10C6.6,20260129,58,66,72,0,0.0849,1.2520,2.0896,0.5333,1.1397,2.5439,True,True,True,/Volumes/User Homes/ODlab-user/UserFolders/Nawaphat/6 CEST-2.1/Locomotion_Off food/0_COMPLETE!!/T10C6.6/20260129_T10C6.6_off_food-01292026142109-0000_results
ser-2,20260217,30,118,51,0,0.1383,2.8704,1.0819,0.8633,2.3780,1.0029,True,True,True,/Volumes/User Homes/ODlab-user/UserFolders/Nawaphat/6 CEST-2.1/Locomotion_Off food/0_COMPLETE!!/ser-2/20260217_ser-2_off_food-02172026135552-0000_results
ser-2,20260218,83,73,72,0,0.1607,0.8247,0.8469,0.9972,0.6516,0.7910,True,True,True,/Volumes/User Homes/ODlab-user/UserFolders/Nawaphat/6 CEST-2.1/Locomotion_Off food/0_COMPLETE!!/ser-2/20260218_ser-2_off_food-02182026113153-0000_results
ser-2,20260219,140,86,108,0,0.1726,1.5339,1.7269,1.2892,0.6776,0.7526,True,True,True,/Volumes/User Homes/ODlab-user/UserFolders/Nawaphat/6 CEST-2.1/Locomotion_Off food/0_COMPLETE!!/ser-2/20260219_ser-2_off_food-02192026103109-0000_results
ugt-64,20260126,72,22,12,0,0.2440,0.5843,0.7687,1.4941,0.4218,0.4996,False,False,False,/Volumes/User Homes/ODlab-user/UserFolders/Nawaphat/6 CEST-2.1/Locomotion_Off food/0_COMPLETE!!/ugt-64/20260126 ugt-64 off food-01262026142428-0000_results
ugt-64,20260127,84,33,27,0,0.2340,0.8808,0.9435,1.4329,0.6359,0.6133,False,False,False,/Volumes/User Homes/ODlab-user/UserFolders/Nawaphat/6 CEST-2.1/Locomotion_Off food/0_COMPLETE!!/ugt-64/20260127 ugt-64 off food-01272026131316-0000_results
ugt-64,20260128,52,56,32,0,0.2466,1.1323,0.5987,1.5102,0.8174,0.3891,False,False,False,/Volumes/User Homes/ODlab-user/UserFolders/Nawaphat/6 CEST-2.1/Locomotion_Off food/0_COMPLETE!!/ugt-64/20260128 ugt-64 off food-01282026131122-0000_results
