dataset,neuron,tpm_min,pct_max,N,K,n,k,bg_frac,obs_frac,enrichment,p_hypergeom,sig
Taylor L4,ADE,1,0.01,13713,5070,26,11,0.369722,0.423077,1.1443,0.353728,False
Taylor L4,ADE,1,0.05,13713,4161,26,7,0.303435,0.269231,0.8873,0.716691,False
Taylor L4,ADE,1,0.1,13713,2872,26,5,0.209436,0.192308,0.9182,0.661259,False
Taylor L4,ADE,1,0.2,13713,1348,26,2,0.098301,0.076923,0.7825,0.740084,False
Taylor L4,ADE,1,0.33,13713,580,26,0,0.042296,0.0,0.0,1.0,False
Taylor L4,ADE,1,0.5,13713,208,26,0,0.015168,0.0,0.0,1.0,False
Taylor L4,ADF,1,0.01,13713,6929,26,12,0.505287,0.461538,0.9134,0.739566,False
Taylor L4,ADF,1,0.05,13713,4665,26,6,0.340188,0.230769,0.6784,0.92129,False
Taylor L4,ADF,1,0.1,13713,2675,26,2,0.19507,0.076923,0.3943,0.974211,False
Taylor L4,ADF,1,0.2,13713,1076,26,0,0.078466,0.0,0.0,1.0,False
Taylor L4,ADF,1,0.33,13713,533,26,0,0.038868,0.0,0.0,1.0,False
Taylor L4,ADF,1,0.5,13713,288,26,0,0.021002,0.0,0.0,1.0,False
Taylor L4,AVM,1,0.01,13713,5511,26,10,0.401881,0.384615,0.957,0.643328,False
Taylor L4,AVM,1,0.05,13713,3790,26,6,0.27638,0.230769,0.835,0.765309,False
Taylor L4,AVM,1,0.1,13713,2411,26,3,0.175819,0.115385,0.6563,0.86038,False
Taylor L4,AVM,1,0.2,13713,1062,26,1,0.077445,0.038462,0.4966,0.877274,False
Taylor L4,AVM,1,0.33,13713,471,26,0,0.034347,0.0,0.0,1.0,False
Taylor L4,AVM,1,0.5,13713,210,26,0,0.015314,0.0,0.0,1.0,False
Taylor L4,CAN,1,0.01,13713,6645,26,19,0.484577,0.730769,1.5081,0.00957,True
Taylor L4,CAN,1,0.05,13713,5257,26,16,0.383359,0.615385,1.6052,0.013863,True
Taylor L4,CAN,1,0.1,13713,3845,26,12,0.280391,0.461538,1.6461,0.03709,True
Taylor L4,CAN,1,0.2,13713,2238,26,9,0.163203,0.346154,2.121,0.017956,True
Taylor L4,CAN,1,0.33,13713,1263,26,6,0.092102,0.230769,2.5056,0.027883,True
Taylor L4,CAN,1,0.5,13713,721,26,5,0.052578,0.192308,3.6576,0.010375,True
Taylor L4,CEP,1,0.01,13713,6274,26,15,0.457522,0.576923,1.261,0.15244,False
Taylor L4,CEP,1,0.05,13713,5107,26,14,0.37242,0.538462,1.4458,0.062548,False
Taylor L4,CEP,1,0.1,13713,3575,26,10,0.260702,0.384615,1.4753,0.114095,False
Taylor L4,CEP,1,0.2,13713,1727,26,7,0.125939,0.269231,2.1378,0.037535,True
Taylor L4,CEP,1,0.33,13713,732,26,0,0.05338,0.0,0.0,1.0,False
Taylor L4,CEP,1,0.5,13713,242,26,0,0.017647,0.0,0.0,1.0,False
Taylor L4,HSN,1,0.01,13713,6666,26,14,0.486108,0.538462,1.1077,0.367358,False
Taylor L4,HSN,1,0.05,13713,5285,26,12,0.385401,0.461538,1.1976,0.272394,False
Taylor L4,HSN,1,0.1,13713,3968,26,6,0.28936,0.230769,0.7975,0.80734,False
Taylor L4,HSN,1,0.2,13713,2261,26,4,0.16488,0.153846,0.9331,0.641762,False
Taylor L4,HSN,1,0.33,13713,1121,26,2,0.081747,0.076923,0.941,0.639305,False
Taylor L4,HSN,1,0.5,13713,457,26,0,0.033326,0.0,0.0,1.0,False
Taylor L4,NSM,1,0.01,13713,7085,26,15,0.516663,0.576923,1.1166,0.338691,False
Taylor L4,NSM,1,0.05,13713,6055,26,13,0.441552,0.5,1.1324,0.341459,False
Taylor L4,NSM,1,0.1,13713,4719,26,11,0.344126,0.423077,1.2294,0.256803,False
Taylor L4,NSM,1,0.2,13713,2830,26,6,0.206374,0.230769,1.1182,0.454991,False
Taylor L4,NSM,1,0.33,13713,1537,26,5,0.112083,0.192308,1.7158,0.15933,False
Taylor L4,NSM,1,0.5,13713,738,26,2,0.053818,0.076923,1.4293,0.41182,False
Taylor L4,PDE,1,0.01,13713,6104,26,9,0.445125,0.346154,0.7777,0.888621,False
Taylor L4,PDE,1,0.05,13713,4586,26,6,0.334427,0.230769,0.69,0.912025,False
Taylor L4,PDE,1,0.1,13713,3300,26,3,0.240648,0.115385,0.4795,0.967494,False
Taylor L4,PDE,1,0.2,13713,1848,26,2,0.134763,0.076923,0.5708,0.883077,False
Taylor L4,PDE,1,0.33,13713,1016,26,1,0.07409,0.038462,0.5191,0.865116,False
Taylor L4,PDE,1,0.5,13713,493,26,0,0.035951,0.0,0.0,1.0,False
Taylor L4,RIC,1,0.01,13713,5860,26,9,0.427332,0.346154,0.81,0.850086,False
Taylor L4,RIC,1,0.05,13713,4399,26,7,0.32079,0.269231,0.8393,0.77713,False
Taylor L4,RIC,1,0.1,13713,2818,26,5,0.205498,0.192308,0.9358,0.643073,False
Taylor L4,RIC,1,0.2,13713,1194,26,1,0.087071,0.038462,0.4417,0.906592,False
Taylor L4,RIC,1,0.33,13713,444,26,1,0.032378,0.038462,1.1879,0.575377,False
Taylor L4,RIC,1,0.5,13713,189,26,1,0.013783,0.038462,2.7906,0.30314,False
Taylor L4,RIH,1,0.01,13713,4838,26,7,0.352804,0.269231,0.7631,0.86511,False
Taylor L4,RIH,1,0.05,13713,3645,26,6,0.265806,0.230769,0.8682,0.726967,False
Taylor L4,RIH,1,0.1,13713,2538,26,5,0.18508,0.192308,1.0391,0.541271,False
Taylor L4,RIH,1,0.2,13713,1431,26,4,0.104354,0.153846,1.4743,0.284896,False
Taylor L4,RIH,1,0.33,13713,759,26,1,0.055349,0.038462,0.6949,0.772777,False
Taylor L4,RIH,1,0.5,13713,387,26,0,0.028221,0.0,0.0,1.0,False
Taylor L4,RIM,1,0.01,13713,5718,26,8,0.416977,0.307692,0.7379,0.910326,False
Taylor L4,RIM,1,0.05,13713,4247,26,5,0.309706,0.192308,0.6209,0.940187,False
Taylor L4,RIM,1,0.1,13713,2656,26,3,0.193685,0.115385,0.5957,0.903816,False
Taylor L4,RIM,1,0.2,13713,985,26,0,0.07183,0.0,0.0,1.0,False
Taylor L4,RIM,1,0.33,13713,356,26,0,0.025961,0.0,0.0,1.0,False
Taylor L4,RIM,1,0.5,13713,132,26,0,0.009626,0.0,0.0,1.0,False
Taylor L4,RIR,1,0.01,13713,5139,26,8,0.374754,0.307692,0.8211,0.81761,False
Taylor L4,RIR,1,0.05,13713,4413,26,7,0.321811,0.269231,0.8366,0.780408,False
Taylor L4,RIR,1,0.1,13713,3420,26,7,0.249398,0.269231,1.0795,0.481787,False
Taylor L4,RIR,1,0.2,13713,2092,26,6,0.152556,0.230769,1.5127,0.195312,False
Taylor L4,RIR,1,0.33,13713,1209,26,2,0.088165,0.076923,0.8725,0.6814,False
Taylor L4,RIR,1,0.5,13713,663,26,1,0.048348,0.038462,0.7955,0.724637,False
Taylor L4,ASI,1,0.01,13713,6346,26,13,0.462773,0.5,1.0804,0.425282,False
Taylor L4,ASI,1,0.05,13713,4511,26,6,0.328958,0.230769,0.7015,0.90245,False
Taylor L4,ASI,1,0.1,13713,2919,26,4,0.212864,0.153846,0.7227,0.83524,False
Taylor L4,ASI,1,0.2,13713,1383,26,1,0.100853,0.038462,0.3814,0.937131,False
Taylor L4,ASI,1,0.33,13713,679,26,1,0.049515,0.038462,0.7768,0.73329,False
Taylor L4,ASI,1,0.5,13713,363,26,1,0.026471,0.038462,1.453,0.502505,False
Taylor L4,VC_4_5,1,0.01,13713,4538,26,12,0.330927,0.461538,1.3947,0.114992,False
Taylor L4,VC_4_5,1,0.05,13713,3801,26,11,0.277182,0.423077,1.5263,0.078044,False
Taylor L4,VC_4_5,1,0.1,13713,2814,26,7,0.205207,0.269231,1.312,0.274953,False
Taylor L4,VC_4_5,1,0.2,13713,1522,26,2,0.11099,0.076923,0.6931,0.800954,False
Taylor L4,VC_4_5,1,0.33,13713,795,26,0,0.057974,0.0,0.0,1.0,False
Taylor L4,VC_4_5,1,0.5,13713,388,26,0,0.028294,0.0,0.0,1.0,False
Taylor L4,ADE,10,0.01,13713,3933,26,7,0.286808,0.269231,0.9387,0.650909,False
Taylor L4,ADE,10,0.05,13713,3568,26,6,0.260191,0.230769,0.8869,0.705141,False
Taylor L4,ADE,10,0.1,13713,2667,26,5,0.194487,0.192308,0.9888,0.589613,False
Taylor L4,ADE,10,0.2,13713,1313,26,2,0.095749,0.076923,0.8034,0.726185,False
Taylor L4,ADE,10,0.33,13713,569,26,0,0.041493,0.0,0.0,1.0,False
Taylor L4,ADE,10,0.5,13713,206,26,0,0.015022,0.0,0.0,1.0,False
Taylor L4,ADF,10,0.01,13713,4430,26,8,0.323051,0.307692,0.9525,0.638536,False
Taylor L4,ADF,10,0.05,13713,3650,26,5,0.266171,0.192308,0.7225,0.860611,False
Taylor L4,ADF,10,0.1,13713,2376,26,2,0.173266,0.076923,0.444,0.954328,False
Taylor L4,ADF,10,0.2,13713,1026,26,0,0.07482,0.0,0.0,1.0,False
Taylor L4,ADF,10,0.33,13713,523,26,0,0.038139,0.0,0.0,1.0,False
Taylor L4,ADF,10,0.5,13713,285,26,0,0.020783,0.0,0.0,1.0,False
Taylor L4,AVM,10,0.01,13713,3665,26,5,0.267265,0.192308,0.7195,0.863307,False
Taylor L4,AVM,10,0.05,13713,3150,26,3,0.229709,0.115385,0.5023,0.957593,False
Taylor L4,AVM,10,0.1,13713,2217,26,2,0.161671,0.076923,0.4758,0.938801,False
Taylor L4,AVM,10,0.2,13713,1025,26,1,0.074747,0.038462,0.5146,0.867582,False
Taylor L4,AVM,10,0.33,13713,462,26,0,0.033691,0.0,0.0,1.0,False
Taylor L4,AVM,10,0.5,13713,206,26,0,0.015022,0.0,0.0,1.0,False
Taylor L4,CAN,10,0.01,13713,4950,26,13,0.360971,0.5,1.3852,0.102983,False
Taylor L4,CAN,10,0.05,13713,4437,26,12,0.323562,0.461538,1.4264,0.099692,False
Taylor L4,CAN,10,0.1,13713,3535,26,11,0.257785,0.423077,1.6412,0.049027,True
Taylor L4,CAN,10,0.2,13713,2170,26,8,0.158244,0.307692,1.9444,0.04239,True
Taylor L4,CAN,10,0.33,13713,1245,26,6,0.09079,0.230769,2.5418,0.026184,True
Taylor L4,CAN,10,0.5,13713,712,26,5,0.051922,0.192308,3.7038,0.009856,True
Taylor L4,CEP,10,0.01,13713,4693,26,12,0.34223,0.461538,1.3486,0.141306,False
Taylor L4,CEP,10,0.05,13713,4282,26,11,0.312258,0.423077,1.3549,0.156403,False
Taylor L4,CEP,10,0.1,13713,3287,26,9,0.2397,0.346154,1.4441,0.14865,False
Taylor L4,CEP,10,0.2,13713,1674,26,6,0.122074,0.230769,1.8904,0.088627,False
Taylor L4,CEP,10,0.33,13713,725,26,0,0.05287,0.0,0.0,1.0,False
Taylor L4,CEP,10,0.5,13713,241,26,0,0.017575,0.0,0.0,1.0,False
Taylor L4,HSN,10,0.01,13713,4990,26,12,0.363888,0.461538,1.2684,0.201273,False
Taylor L4,HSN,10,0.05,13713,4519,26,11,0.329541,0.423077,1.2838,0.207634,False
Taylor L4,HSN,10,0.1,13713,3703,26,5,0.270036,0.192308,0.7122,0.869958,False
Taylor L4,HSN,10,0.2,13713,2206,26,3,0.160869,0.115385,0.7173,0.812709,False
Taylor L4,HSN,10,0.33,13713,1110,26,2,0.080945,0.076923,0.9503,0.633767,False
Taylor L4,HSN,10,0.5,13713,457,26,0,0.033326,0.0,0.0,1.0,False
Taylor L4,NSM,10,0.01,13713,5636,26,13,0.410997,0.5,1.2166,0.233187,False
Taylor L4,NSM,10,0.05,13713,5214,26,13,0.380223,0.5,1.315,0.145482,False
Taylor L4,NSM,10,0.1,13713,4350,26,11,0.317217,0.423077,1.3337,0.170275,False
Taylor L4,NSM,10,0.2,13713,2746,26,6,0.200248,0.230769,1.1524,0.423778,False
Taylor L4,NSM,10,0.33,13713,1508,26,5,0.109969,0.192308,1.7488,0.1504,False
Taylor L4,NSM,10,0.5,13713,735,26,2,0.053599,0.076923,1.4352,0.409788,False
Taylor L4,PDE,10,0.01,13713,4417,26,6,0.322103,0.230769,0.7164,0.88932,False
Taylor L4,PDE,10,0.05,13713,3921,26,4,0.285933,0.153846,0.538,0.963837,False
Taylor L4,PDE,10,0.1,13713,3054,26,3,0.222708,0.115385,0.5181,0.949935,False
Taylor L4,PDE,10,0.2,13713,1793,26,2,0.130752,0.076923,0.5883,0.871745,False
Taylor L4,PDE,10,0.33,13713,999,26,1,0.072851,0.038462,0.528,0.860336,False
Taylor L4,PDE,10,0.5,13713,491,26,0,0.035805,0.0,0.0,1.0,False
Taylor L4,RIC,10,0.01,13713,4131,26,7,0.301247,0.269231,0.8937,0.708457,False
Taylor L4,RIC,10,0.05,13713,3631,26,6,0.264785,0.230769,0.8715,0.723073,False
Taylor L4,RIC,10,0.1,13713,2577,26,5,0.187924,0.192308,1.0233,0.556115,False
Taylor L4,RIC,10,0.2,13713,1172,26,1,0.085466,0.038462,0.45,0.902225,False
Taylor L4,RIC,10,0.33,13713,439,26,1,0.032013,0.038462,1.2014,0.571193,False
Taylor L4,RIC,10,0.5,13713,187,26,1,0.013637,0.038462,2.8204,0.300453,False
Taylor L4,RIH,10,0.01,13713,3596,26,5,0.262233,0.192308,0.7333,0.850568,False
Taylor L4,RIH,10,0.05,13713,3144,26,5,0.229271,0.192308,0.8388,0.744533,False
Taylor L4,RIH,10,0.1,13713,2382,26,5,0.173704,0.192308,1.1071,0.480296,False
Taylor L4,RIH,10,0.2,13713,1396,26,4,0.101801,0.153846,1.5112,0.269618,False
Taylor L4,RIH,10,0.33,13713,750,26,1,0.054693,0.038462,0.7032,0.768632,False
Taylor L4,RIH,10,0.5,13713,383,26,0,0.02793,0.0,0.0,1.0,False
Taylor L4,RIM,10,0.01,13713,4028,26,5,0.293736,0.192308,0.6547,0.917079,False
Taylor L4,RIM,10,0.05,13713,3483,26,5,0.253993,0.192308,0.7571,0.8278,False
Taylor L4,RIM,10,0.1,13713,2426,26,3,0.176912,0.115385,0.6522,0.863439,False
Taylor L4,RIM,10,0.2,13713,956,26,0,0.069715,0.0,0.0,1.0,False
Taylor L4,RIM,10,0.33,13713,354,26,0,0.025815,0.0,0.0,1.0,False
Taylor L4,RIM,10,0.5,13713,132,26,0,0.009626,0.0,0.0,1.0,False
Taylor L4,RIR,10,0.01,13713,4257,26,7,0.310435,0.269231,0.8673,0.742128,False
Taylor L4,RIR,10,0.05,13713,3925,26,7,0.286225,0.269231,0.9406,0.648473,False
Taylor L4,RIR,10,0.1,13713,3228,26,7,0.235397,0.269231,1.1437,0.414824,False
Taylor L4,RIR,10,0.2,13713,2042,26,6,0.14891,0.230769,1.5497,0.180376,False
Taylor L4,RIR,10,0.33,13713,1188,26,2,0.086633,0.076923,0.8879,0.671709,False
Taylor L4,RIR,10,0.5,13713,653,26,1,0.047619,0.038462,0.8077,0.719093,False
Taylor L4,ASI,10,0.01,13713,4383,26,8,0.319624,0.307692,0.9627,0.624391,False
Taylor L4,ASI,10,0.05,13713,3722,26,5,0.271421,0.192308,0.7085,0.873189,False
Taylor L4,ASI,10,0.1,13713,2666,26,4,0.194414,0.153846,0.7913,0.773006,False
Taylor L4,ASI,10,0.2,13713,1325,26,1,0.096624,0.038462,0.3981,0.928963,False
Taylor L4,ASI,10,0.33,13713,664,26,1,0.048421,0.038462,0.7943,0.725186,False
Taylor L4,ASI,10,0.5,13713,359,26,1,0.02618,0.038462,1.4691,0.498612,False
Taylor L4,VC_4_5,10,0.01,13713,3801,26,11,0.277182,0.423077,1.5263,0.078044,False
Taylor L4,VC_4_5,10,0.05,13713,3431,26,10,0.250201,0.384615,1.5372,0.091059,False
Taylor L4,VC_4_5,10,0.1,13713,2666,26,7,0.194414,0.269231,1.3848,0.229171,False
Taylor L4,VC_4_5,10,0.2,13713,1490,26,2,0.108656,0.076923,0.708,0.790745,False
Taylor L4,VC_4_5,10,0.33,13713,789,26,0,0.057537,0.0,0.0,1.0,False
Taylor L4,VC_4_5,10,0.5,13713,385,26,0,0.028076,0.0,0.0,1.0,False
Taylor L4,ADE,25,0.01,13713,2629,26,5,0.191716,0.192308,1.0031,0.575606,False
Taylor L4,ADE,25,0.05,13713,2466,26,5,0.179829,0.192308,1.0694,0.513415,False
Taylor L4,ADE,25,0.1,13713,2035,26,4,0.148399,0.153846,1.0367,0.552545,False
Taylor L4,ADE,25,0.2,13713,1148,26,2,0.083716,0.076923,0.9189,0.652636,False
Taylor L4,ADE,25,0.33,13713,528,26,0,0.038504,0.0,0.0,1.0,False
Taylor L4,ADE,25,0.5,13713,195,26,0,0.01422,0.0,0.0,1.0,False
Taylor L4,ADF,25,0.01,13713,2570,26,4,0.187413,0.153846,0.8209,0.745443,False
Taylor L4,ADF,25,0.05,13713,2280,26,4,0.166266,0.153846,0.9253,0.648778,False
Taylor L4,ADF,25,0.1,13713,1713,26,2,0.124918,0.076923,0.6158,0.853557,False
Taylor L4,ADF,25,0.2,13713,859,26,0,0.062641,0.0,0.0,1.0,False
Taylor L4,ADF,25,0.33,13713,460,26,0,0.033545,0.0,0.0,1.0,False
Taylor L4,ADF,25,0.5,13713,257,26,0,0.018741,0.0,0.0,1.0,False
Taylor L4,AVM,25,0.01,13713,2315,26,1,0.168818,0.038462,0.2278,0.991872,False
Taylor L4,AVM,25,0.05,13713,2153,26,1,0.157004,0.038462,0.245,0.988263,False
Taylor L4,AVM,25,0.1,13713,1726,26,1,0.125866,0.038462,0.3056,0.969832,False
Taylor L4,AVM,25,0.2,13713,896,26,1,0.065339,0.038462,0.5886,0.827702,False
Taylor L4,AVM,25,0.33,13713,418,26,0,0.030482,0.0,0.0,1.0,False
Taylor L4,AVM,25,0.5,13713,191,26,0,0.013928,0.0,0.0,1.0,False
Taylor L4,CAN,25,0.01,13713,3190,26,11,0.232626,0.423077,1.8187,0.024214,True
Taylor L4,CAN,25,0.05,13713,3020,26,10,0.220229,0.384615,1.7464,0.042854,True
Taylor L4,CAN,25,0.1,13713,2651,26,10,0.19332,0.384615,1.9895,0.018422,True
Taylor L4,CAN,25,0.2,13713,1857,26,7,0.135419,0.269231,1.9881,0.052718,False
Taylor L4,CAN,25,0.33,13713,1127,26,5,0.082185,0.192308,2.3399,0.057425,False
Taylor L4,CAN,25,0.5,13713,656,26,4,0.047838,0.153846,3.216,0.033573,True
Taylor L4,CEP,25,0.01,13713,3108,26,8,0.226646,0.307692,1.3576,0.220029,False
Taylor L4,CEP,25,0.05,13713,2923,26,8,0.213155,0.307692,1.4435,0.172052,False
Taylor L4,CEP,25,0.1,13713,2463,26,7,0.179611,0.269231,1.499,0.172143,False
Taylor L4,CEP,25,0.2,13713,1444,26,5,0.105302,0.192308,1.8263,0.131548,False
Taylor L4,CEP,25,0.33,13713,673,26,0,0.049078,0.0,0.0,1.0,False
Taylor L4,CEP,25,0.5,13713,223,26,0,0.016262,0.0,0.0,1.0,False
Taylor L4,HSN,25,0.01,13713,3492,26,7,0.254649,0.269231,1.0573,0.506689,False
Taylor L4,HSN,25,0.05,13713,3294,26,6,0.24021,0.230769,0.9607,0.619826,False
Taylor L4,HSN,25,0.1,13713,2907,26,4,0.211989,0.153846,0.7257,0.832617,False
Taylor L4,HSN,25,0.2,13713,1951,26,3,0.142274,0.115385,0.811,0.736615,False
Taylor L4,HSN,25,0.33,13713,1037,26,2,0.075622,0.076923,1.0172,0.595458,False
Taylor L4,HSN,25,0.5,13713,423,26,0,0.030847,0.0,0.0,1.0,False
Taylor L4,NSM,25,0.01,13713,3921,26,11,0.285933,0.423077,1.4796,0.094365,False
Taylor L4,NSM,25,0.05,13713,3723,26,11,0.271494,0.423077,1.5583,0.068541,False
Taylor L4,NSM,25,0.1,13713,3321,26,10,0.242179,0.384615,1.5881,0.075682,False
Taylor L4,NSM,25,0.2,13713,2336,26,6,0.170349,0.230769,1.3547,0.274866,False
Taylor L4,NSM,25,0.33,13713,1379,26,5,0.100562,0.192308,1.9123,0.113668,False
Taylor L4,NSM,25,0.5,13713,698,26,2,0.050901,0.076923,1.5112,0.384493,False
Taylor L4,PDE,25,0.01,13713,3101,26,5,0.226136,0.192308,0.8504,0.732329,False
Taylor L4,PDE,25,0.05,13713,2895,26,4,0.211114,0.153846,0.7287,0.829963,False
Taylor L4,PDE,25,0.1,13713,2495,26,3,0.181944,0.115385,0.6342,0.876807,False
Taylor L4,PDE,25,0.2,13713,1612,26,2,0.117553,0.076923,0.6544,0.827452,False
Taylor L4,PDE,25,0.33,13713,929,26,1,0.067746,0.038462,0.5677,0.838883,False
Taylor L4,PDE,25,0.5,13713,464,26,0,0.033837,0.0,0.0,1.0,False
Taylor L4,RIC,25,0.01,13713,2649,26,5,0.193174,0.192308,0.9955,0.583004,False
Taylor L4,RIC,25,0.05,13713,2431,26,5,0.177277,0.192308,1.0848,0.499687,False
Taylor L4,RIC,25,0.1,13713,1973,26,4,0.143878,0.153846,1.0693,0.526419,False
Taylor L4,RIC,25,0.2,13713,1053,26,1,0.076788,0.038462,0.5009,0.874981,False
Taylor L4,RIC,25,0.33,13713,406,26,1,0.029607,0.038462,1.2991,0.542569,False
Taylor L4,RIC,25,0.5,13713,177,26,1,0.012907,0.038462,2.9798,0.286868,False
Taylor L4,RIH,25,0.01,13713,2531,26,5,0.184569,0.192308,1.0419,0.538588,False
Taylor L4,RIH,25,0.05,13713,2371,26,5,0.172902,0.192308,1.1122,0.475919,False
Taylor L4,RIH,25,0.1,13713,2016,26,5,0.147014,0.192308,1.3081,0.333148,False
Taylor L4,RIH,25,0.2,13713,1305,26,4,0.095165,0.153846,1.6166,0.230872,False
Taylor L4,RIH,25,0.33,13713,721,26,1,0.052578,0.038462,0.7315,0.754778,False
Taylor L4,RIH,25,0.5,13713,375,26,0,0.027346,0.0,0.0,1.0,False
Taylor L4,RIM,25,0.01,13713,2497,26,3,0.18209,0.115385,0.6337,0.877178,False
Taylor L4,RIM,25,0.05,13713,2286,26,3,0.166703,0.115385,0.6922,0.832656,False
Taylor L4,RIM,25,0.1,13713,1805,26,2,0.131627,0.076923,0.5844,0.874296,False
Taylor L4,RIM,25,0.2,13713,831,26,0,0.060599,0.0,0.0,1.0,False
Taylor L4,RIM,25,0.33,13713,327,26,0,0.023846,0.0,0.0,1.0,False
Taylor L4,RIM,25,0.5,13713,125,26,0,0.009115,0.0,0.0,1.0,False
Taylor L4,RIR,25,0.01,13713,3111,26,7,0.226865,0.269231,1.1867,0.374199,False
Taylor L4,RIR,25,0.05,13713,2945,26,7,0.21476,0.269231,1.2536,0.317772,False
Taylor L4,RIR,25,0.1,13713,2631,26,7,0.191862,0.269231,1.4033,0.218826,False
Taylor L4,RIR,25,0.2,13713,1819,26,6,0.132648,0.230769,1.7397,0.120705,False
Taylor L4,RIR,25,0.33,13713,1114,26,2,0.081237,0.076923,0.9469,0.635788,False
Taylor L4,RIR,25,0.5,13713,631,26,1,0.046015,0.038462,0.8359,0.706515,False
Taylor L4,ASI,25,0.01,13713,2794,26,5,0.203748,0.192308,0.9438,0.634827,False
Taylor L4,ASI,25,0.05,13713,2506,26,4,0.182746,0.153846,0.8419,0.725833,False
Taylor L4,ASI,25,0.1,13713,2014,26,3,0.146868,0.115385,0.7856,0.757258,False
Taylor L4,ASI,25,0.2,13713,1129,26,1,0.082331,0.038462,0.4672,0.893115,False
Taylor L4,ASI,25,0.33,13713,589,26,1,0.042952,0.038462,0.8955,0.680982,False
Taylor L4,ASI,25,0.5,13713,320,26,1,0.023336,0.038462,1.6482,0.459079,False
Taylor L4,VC_4_5,25,0.01,13713,2639,26,7,0.192445,0.269231,1.399,0.221173,False
Taylor L4,VC_4_5,25,0.05,13713,2490,26,7,0.18158,0.269231,1.4827,0.179293,False
Taylor L4,VC_4_5,25,0.1,13713,2123,26,6,0.154817,0.230769,1.4906,0.204831,False
Taylor L4,VC_4_5,25,0.2,13713,1316,26,2,0.095967,0.076923,0.8016,0.727399,False
Taylor L4,VC_4_5,25,0.33,13713,722,26,0,0.052651,0.0,0.0,1.0,False
Taylor L4,VC_4_5,25,0.5,13713,363,26,0,0.026471,0.0,0.0,1.0,False
Taylor adult,ADE,1,0.01,14426,5712,31,16,0.395952,0.516129,1.3035,0.118552,False
Taylor adult,ADE,1,0.05,14426,5462,31,16,0.378622,0.516129,1.3632,0.083052,False
Taylor adult,ADE,1,0.1,14426,4485,31,14,0.310897,0.451613,1.4526,0.069778,False
Taylor adult,ADE,1,0.2,14426,2791,31,5,0.19347,0.16129,0.8337,0.743627,False
Taylor adult,ADE,1,0.33,14426,1271,31,3,0.088105,0.096774,1.0984,0.52238,False
Taylor adult,ADE,1,0.5,14426,477,31,2,0.033065,0.064516,1.9512,0.273565,False
Taylor adult,ADF,1,0.01,14426,7576,31,15,0.525163,0.483871,0.9214,0.739446,False
Taylor adult,ADF,1,0.05,14426,7006,31,13,0.485651,0.419355,0.8635,0.820806,False
Taylor adult,ADF,1,0.1,14426,5633,31,12,0.390476,0.387097,0.9913,0.582894,False
Taylor adult,ADF,1,0.2,14426,3590,31,8,0.248856,0.258065,1.037,0.521449,False
Taylor adult,ADF,1,0.33,14426,1962,31,5,0.136004,0.16129,1.1859,0.416181,False
Taylor adult,ADF,1,0.5,14426,888,31,2,0.061556,0.064516,1.0481,0.577019,False
Taylor adult,AVM,1,0.01,14426,5895,31,10,0.408637,0.322581,0.7894,0.877734,False
Taylor adult,AVM,1,0.05,14426,5702,31,10,0.395259,0.322581,0.8161,0.844438,False
Taylor adult,AVM,1,0.1,14426,4772,31,7,0.330792,0.225806,0.6826,0.928603,False
Taylor adult,AVM,1,0.2,14426,2893,31,6,0.200541,0.193548,0.9651,0.610014,False
Taylor adult,AVM,1,0.33,14426,1409,31,5,0.097671,0.16129,1.6514,0.180387,False
Taylor adult,AVM,1,0.5,14426,508,31,2,0.035214,0.064516,1.8321,0.298502,False
Taylor adult,CAN,1,0.01,14426,6863,31,16,0.475738,0.516129,1.0849,0.392504,False
Taylor adult,CAN,1,0.05,14426,6478,31,16,0.44905,0.516129,1.1494,0.28297,False
Taylor adult,CAN,1,0.1,14426,5519,31,16,0.382573,0.516129,1.3491,0.09038,False
Taylor adult,CAN,1,0.2,14426,3893,31,9,0.26986,0.290323,1.0758,0.465887,False
Taylor adult,CAN,1,0.33,14426,2421,31,8,0.167822,0.258065,1.5377,0.135711,False
Taylor adult,CAN,1,0.5,14426,1298,31,6,0.089976,0.193548,2.1511,0.054975,False
Taylor adult,CEP,1,0.01,14426,6975,31,19,0.483502,0.612903,1.2676,0.103094,False
Taylor adult,CEP,1,0.05,14426,6843,31,18,0.474352,0.580645,1.2241,0.157124,False
Taylor adult,CEP,1,0.1,14426,6198,31,15,0.429641,0.483871,1.1262,0.331766,False
Taylor adult,CEP,1,0.2,14426,4318,31,13,0.299321,0.419355,1.401,0.105116,False
Taylor adult,CEP,1,0.33,14426,2397,31,6,0.166158,0.193548,1.1648,0.41254,False
Taylor adult,CEP,1,0.5,14426,953,31,0,0.066061,0.0,0.0,1.0,False
Taylor adult,HSN,1,0.01,14426,7025,31,19,0.486968,0.612903,1.2586,0.110245,False
Taylor adult,HSN,1,0.05,14426,6633,31,15,0.459795,0.483871,1.0524,0.462763,False
Taylor adult,HSN,1,0.1,14426,5392,31,13,0.37377,0.419355,1.122,0.362244,False
Taylor adult,HSN,1,0.2,14426,3348,31,12,0.232081,0.387097,1.6679,0.038533,True
Taylor adult,HSN,1,0.33,14426,1708,31,9,0.118397,0.290323,2.4521,0.007954,True
Taylor adult,HSN,1,0.5,14426,644,31,5,0.044642,0.16129,3.613,0.011314,True
Taylor adult,NSM,1,0.01,14426,6474,31,20,0.448773,0.645161,1.4376,0.02181,True
Taylor adult,NSM,1,0.05,14426,6373,31,20,0.441772,0.645161,1.4604,0.017995,True
Taylor adult,NSM,1,0.1,14426,5733,31,19,0.397407,0.612903,1.5423,0.012391,True
Taylor adult,NSM,1,0.2,14426,4173,31,15,0.289269,0.483871,1.6727,0.017008,True
Taylor adult,NSM,1,0.33,14426,2645,31,9,0.18335,0.290323,1.5834,0.099552,False
Taylor adult,NSM,1,0.5,14426,1364,31,6,0.094552,0.193548,2.047,0.066979,False
Taylor adult,PDE,1,0.01,14426,5119,31,12,0.354845,0.387097,1.0909,0.418789,False
Taylor adult,PDE,1,0.05,14426,5021,31,12,0.348052,0.387097,1.1122,0.3877,False
Taylor adult,PDE,1,0.1,14426,4624,31,11,0.320532,0.354839,1.107,0.405687,False
Taylor adult,PDE,1,0.2,14426,3555,31,9,0.24643,0.290323,1.1781,0.348585,False
Taylor adult,PDE,1,0.33,14426,2429,31,7,0.168377,0.225806,1.3411,0.258516,False
Taylor adult,PDE,1,0.5,14426,1355,31,7,0.093928,0.225806,2.404,0.022391,True
Taylor adult,RIC,1,0.01,14426,6562,31,16,0.454873,0.516129,1.1347,0.305674,False
Taylor adult,RIC,1,0.05,14426,6307,31,16,0.437197,0.516129,1.1805,0.239297,False
Taylor adult,RIC,1,0.1,14426,4997,31,11,0.346388,0.354839,1.0244,0.528001,False
Taylor adult,RIC,1,0.2,14426,2534,31,4,0.175655,0.129032,0.7346,0.819172,False
Taylor adult,RIC,1,0.33,14426,946,31,3,0.065576,0.096774,1.4758,0.332411,False
Taylor adult,RIC,1,0.5,14426,325,31,2,0.022529,0.064516,2.8637,0.153902,False
Taylor adult,RIH,1,0.01,14426,5303,31,10,0.3676,0.322581,0.8775,0.757225,False
Taylor adult,RIH,1,0.05,14426,4410,31,10,0.305698,0.322581,1.0552,0.48617,False
Taylor adult,RIH,1,0.1,14426,2871,31,9,0.199016,0.290323,1.4588,0.147171,False
Taylor adult,RIH,1,0.2,14426,1155,31,4,0.080064,0.129032,1.6116,0.23359,False
Taylor adult,RIH,1,0.33,14426,366,31,0,0.025371,0.0,0.0,1.0,False
Taylor adult,RIH,1,0.5,14426,107,31,0,0.007417,0.0,0.0,1.0,False
Taylor adult,RIM,1,0.01,14426,6253,31,13,0.433453,0.419355,0.9675,0.630022,False
Taylor adult,RIM,1,0.05,14426,6075,31,13,0.421115,0.419355,0.9958,0.576166,False
Taylor adult,RIM,1,0.1,14426,5146,31,11,0.356717,0.354839,0.9947,0.575949,False
Taylor adult,RIM,1,0.2,14426,3116,31,10,0.215999,0.322581,1.4934,0.112995,False
Taylor adult,RIM,1,0.33,14426,1553,31,5,0.107653,0.16129,1.4982,0.236706,False
Taylor adult,RIM,1,0.5,14426,622,31,3,0.043117,0.096774,2.2445,0.147702,False
Taylor adult,RIR,1,0.01,14426,6112,31,17,0.423679,0.548387,1.2943,0.110882,False
Taylor adult,RIR,1,0.05,14426,5995,31,17,0.415569,0.548387,1.3196,0.094265,False
Taylor adult,RIR,1,0.1,14426,5328,31,16,0.369333,0.516129,1.3975,0.06752,False
Taylor adult,RIR,1,0.2,14426,3611,31,11,0.250312,0.354839,1.4176,0.12908,False
Taylor adult,RIR,1,0.33,14426,2062,31,5,0.142936,0.16129,1.1284,0.461068,False
Taylor adult,RIR,1,0.5,14426,966,31,3,0.066962,0.096774,1.4452,0.344461,False
Taylor adult,ASI,1,0.01,14426,7136,31,17,0.494662,0.548387,1.1086,0.337725,False
Taylor adult,ASI,1,0.05,14426,6515,31,14,0.451615,0.451613,1.0,0.569255,False
Taylor adult,ASI,1,0.1,14426,5096,31,13,0.353251,0.419355,1.1871,0.276253,False
Taylor adult,ASI,1,0.2,14426,2953,31,9,0.2047,0.290323,1.4183,0.167105,False
Taylor adult,ASI,1,0.33,14426,1477,31,6,0.102385,0.193548,1.8904,0.09096,False
Taylor adult,ASI,1,0.5,14426,677,31,4,0.046929,0.129032,2.7495,0.055423,False
Taylor adult,VC_4_5,1,0.01,14426,6104,31,18,0.423125,0.580645,1.3723,0.0562,False
Taylor adult,VC_4_5,1,0.05,14426,5731,31,17,0.397269,0.548387,1.3804,0.063434,False
Taylor adult,VC_4_5,1,0.1,14426,4530,31,15,0.314016,0.483871,1.5409,0.035561,True
Taylor adult,VC_4_5,1,0.2,14426,2652,31,11,0.183835,0.354839,1.9302,0.018144,True
Taylor adult,VC_4_5,1,0.33,14426,1346,31,6,0.093304,0.193548,2.0744,0.06356,False
Taylor adult,VC_4_5,1,0.5,14426,584,31,4,0.040482,0.129032,3.1874,0.035181,True
Taylor adult,ADE,10,0.01,14426,4777,31,14,0.331138,0.451613,1.3638,0.109829,False
Taylor adult,ADE,10,0.05,14426,4641,31,14,0.321711,0.451613,1.4038,0.089616,False
Taylor adult,ADE,10,0.1,14426,4062,31,13,0.281575,0.419355,1.4893,0.069465,False
Taylor adult,ADE,10,0.2,14426,2712,31,5,0.187994,0.16129,0.858,0.718513,False
Taylor adult,ADE,10,0.33,14426,1260,31,3,0.087342,0.096774,1.108,0.516323,False
Taylor adult,ADE,10,0.5,14426,477,31,2,0.033065,0.064516,1.9512,0.273565,False
Taylor adult,ADF,10,0.01,14426,5707,31,13,0.395605,0.419355,1.06,0.460393,False
Taylor adult,ADF,10,0.05,14426,5502,31,12,0.381395,0.387097,1.015,0.541695,False
Taylor adult,ADF,10,0.1,14426,4880,31,12,0.338278,0.387097,1.1443,0.343923,False
Taylor adult,ADF,10,0.2,14426,3437,31,8,0.23825,0.258065,1.0832,0.466009,False
Taylor adult,ADF,10,0.33,14426,1948,31,5,0.135034,0.16129,1.1944,0.409868,False
Taylor adult,ADF,10,0.5,14426,888,31,2,0.061556,0.064516,1.0481,0.577019,False
Taylor adult,AVM,10,0.01,14426,4816,31,9,0.333842,0.290323,0.8696,0.755861,False
Taylor adult,AVM,10,0.05,14426,4722,31,9,0.327326,0.290323,0.887,0.731175,False
Taylor adult,AVM,10,0.1,14426,4209,31,7,0.291765,0.225806,0.7739,0.843195,False
Taylor adult,AVM,10,0.2,14426,2774,31,6,0.192292,0.193548,1.0065,0.564987,False
Taylor adult,AVM,10,0.33,14426,1394,31,5,0.096631,0.16129,1.6691,0.174864,False
Taylor adult,AVM,10,0.5,14426,506,31,2,0.035076,0.064516,1.8393,0.296895,False
Taylor adult,CAN,10,0.01,14426,5557,31,15,0.385207,0.483871,1.2561,0.171877,False
Taylor adult,CAN,10,0.05,14426,5402,31,15,0.374463,0.483871,1.2922,0.141705,False
Taylor adult,CAN,10,0.1,14426,4907,31,15,0.34015,0.483871,1.4225,0.069092,False
Taylor adult,CAN,10,0.2,14426,3748,31,8,0.259809,0.258065,0.9933,0.577178,False
Taylor adult,CAN,10,0.33,14426,2400,31,8,0.166366,0.258065,1.5512,0.130727,False
Taylor adult,CAN,10,0.5,14426,1297,31,6,0.089907,0.193548,2.1528,0.054805,False
Taylor adult,CEP,10,0.01,14426,5850,31,14,0.405518,0.451613,1.1137,0.36331,False
Taylor adult,CEP,10,0.05,14426,5795,31,14,0.401705,0.451613,1.1242,0.346988,False
Taylor adult,CEP,10,0.1,14426,5487,31,13,0.380355,0.419355,1.1025,0.391365,False
Taylor adult,CEP,10,0.2,14426,4135,31,12,0.286635,0.387097,1.3505,0.149456,False
Taylor adult,CEP,10,0.33,14426,2374,31,6,0.164564,0.193548,1.1761,0.403038,False
Taylor adult,CEP,10,0.5,14426,952,31,0,0.065992,0.0,0.0,1.0,False
Taylor adult,HSN,10,0.01,14426,5383,31,15,0.373146,0.483871,1.2967,0.138254,False
Taylor adult,HSN,10,0.05,14426,5235,31,14,0.362886,0.451613,1.2445,0.19874,False
Taylor adult,HSN,10,0.1,14426,4633,31,13,0.321156,0.419355,1.3058,0.163239,False
Taylor adult,HSN,10,0.2,14426,3205,31,12,0.222168,0.387097,1.7424,0.028123,True
Taylor adult,HSN,10,0.33,14426,1696,31,9,0.117566,0.290323,2.4695,0.007598,True
Taylor adult,HSN,10,0.5,14426,643,31,5,0.044572,0.16129,3.6186,0.011243,True
Taylor adult,NSM,10,0.01,14426,5749,31,18,0.398517,0.580645,1.457,0.030631,True
Taylor adult,NSM,10,0.05,14426,5674,31,18,0.393318,0.580645,1.4763,0.026667,True
Taylor adult,NSM,10,0.1,14426,5254,31,17,0.364204,0.548387,1.5057,0.027686,True
Taylor adult,NSM,10,0.2,14426,4048,31,14,0.280604,0.451613,1.6094,0.031134,True
Taylor adult,NSM,10,0.33,14426,2628,31,9,0.182171,0.290323,1.5937,0.096415,False
Taylor adult,NSM,10,0.5,14426,1364,31,6,0.094552,0.193548,2.047,0.066979,False
Taylor adult,PDE,10,0.01,14426,5119,31,12,0.354845,0.387097,1.0909,0.418789,False
Taylor adult,PDE,10,0.05,14426,5021,31,12,0.348052,0.387097,1.1122,0.3877,False
Taylor adult,PDE,10,0.1,14426,4624,31,11,0.320532,0.354839,1.107,0.405687,False
Taylor adult,PDE,10,0.2,14426,3555,31,9,0.24643,0.290323,1.1781,0.348585,False
Taylor adult,PDE,10,0.33,14426,2429,31,7,0.168377,0.225806,1.3411,0.258516,False
Taylor adult,PDE,10,0.5,14426,1355,31,7,0.093928,0.225806,2.404,0.022391,True
Taylor adult,RIC,10,0.01,14426,4783,31,13,0.331554,0.419355,1.2648,0.196455,False
Taylor adult,RIC,10,0.05,14426,4715,31,13,0.32684,0.419355,1.2831,0.180966,False
Taylor adult,RIC,10,0.1,14426,4121,31,10,0.285665,0.322581,1.1292,0.388753,False
Taylor adult,RIC,10,0.2,14426,2398,31,3,0.166228,0.096774,0.5822,0.908662,False
Taylor adult,RIC,10,0.33,14426,939,31,3,0.065091,0.096774,1.4868,0.328195,False
Taylor adult,RIC,10,0.5,14426,324,31,2,0.022459,0.064516,2.8726,0.153152,False
Taylor adult,RIH,10,0.01,14426,3399,31,8,0.235616,0.258065,1.0953,0.452126,False
Taylor adult,RIH,10,0.05,14426,3114,31,8,0.21586,0.258065,1.1955,0.34869,False
Taylor adult,RIH,10,0.1,14426,2358,31,7,0.163455,0.225806,1.3815,0.23421,False
Taylor adult,RIH,10,0.2,14426,1083,31,4,0.075073,0.129032,1.7188,0.200438,False
Taylor adult,RIH,10,0.33,14426,362,31,0,0.025094,0.0,0.0,1.0,False
Taylor adult,RIH,10,0.5,14426,107,31,0,0.007417,0.0,0.0,1.0,False
Taylor adult,RIM,10,0.01,14426,5031,31,12,0.348745,0.387097,1.11,0.390852,False
Taylor adult,RIM,10,0.05,14426,4966,31,12,0.34424,0.387097,1.1245,0.370467,False
Taylor adult,RIM,10,0.1,14426,4486,31,11,0.310966,0.354839,1.1411,0.361244,False
Taylor adult,RIM,10,0.2,14426,2980,31,10,0.206571,0.322581,1.5616,0.088991,False
Taylor adult,RIM,10,0.33,14426,1534,31,5,0.106336,0.16129,1.5168,0.228965,False
Taylor adult,RIM,10,0.5,14426,619,31,3,0.042909,0.096774,2.2554,0.146186,False
Taylor adult,RIR,10,0.01,14426,5141,31,14,0.35637,0.451613,1.2673,0.177885,False
Taylor adult,RIR,10,0.05,14426,5074,31,14,0.351726,0.451613,1.284,0.163829,False
Taylor adult,RIR,10,0.1,14426,4712,31,14,0.326632,0.451613,1.3826,0.099821,False
Taylor adult,RIR,10,0.2,14426,3463,31,10,0.240053,0.322581,1.3438,0.190452,False
Taylor adult,RIR,10,0.33,14426,2036,31,5,0.141134,0.16129,1.1428,0.449448,False
Taylor adult,RIR,10,0.5,14426,962,31,3,0.066685,0.096774,1.4512,0.342051,False
Taylor adult,ASI,10,0.01,14426,5229,31,13,0.362471,0.419355,1.1569,0.313848,False
Taylor adult,ASI,10,0.05,14426,5015,31,12,0.347636,0.387097,1.1135,0.385812,False
Taylor adult,ASI,10,0.1,14426,4311,31,12,0.298835,0.387097,1.2954,0.188215,False
Taylor adult,ASI,10,0.2,14426,2819,31,9,0.195411,0.290323,1.4857,0.13525,False
Taylor adult,ASI,10,0.33,14426,1469,31,6,0.10183,0.193548,1.9007,0.08912,False
Taylor adult,ASI,10,0.5,14426,676,31,4,0.04686,0.129032,2.7536,0.055178,False
Taylor adult,VC_4_5,10,0.01,14426,4694,31,16,0.325385,0.516129,1.5862,0.021348,True
Taylor adult,VC_4_5,10,0.05,14426,4536,31,16,0.314432,0.516129,1.6415,0.015255,True
Taylor adult,VC_4_5,10,0.1,14426,3892,31,15,0.269791,0.483871,1.7935,0.00874,True
Taylor adult,VC_4_5,10,0.2,14426,2535,31,11,0.175724,0.354839,2.0193,0.013094,True
Taylor adult,VC_4_5,10,0.33,14426,1333,31,6,0.092403,0.193548,2.0946,0.061158,False
Taylor adult,VC_4_5,10,0.5,14426,582,31,4,0.040344,0.129032,3.1983,0.034804,True
Taylor adult,ADE,25,0.01,14426,3286,31,10,0.227783,0.322581,1.4162,0.148088,False
Taylor adult,ADE,25,0.05,14426,3189,31,10,0.221059,0.322581,1.4593,0.127375,False
Taylor adult,ADE,25,0.1,14426,2823,31,9,0.195688,0.290323,1.4836,0.136147,False
Taylor adult,ADE,25,0.2,14426,2032,31,4,0.140857,0.129032,0.9161,0.653305,False
Taylor adult,ADE,25,0.33,14426,1019,31,2,0.070636,0.064516,0.9134,0.653888,False
Taylor adult,ADE,25,0.5,14426,407,31,1,0.028213,0.032258,1.1434,0.588569,False
Taylor adult,ADF,25,0.01,14426,3983,31,11,0.276099,0.354839,1.2852,0.214146,False
Taylor adult,ADF,25,0.05,14426,3828,31,10,0.265354,0.322581,1.2157,0.294156,False
Taylor adult,ADF,25,0.1,14426,3478,31,10,0.241092,0.322581,1.338,0.194303,False
Taylor adult,ADF,25,0.2,14426,2696,31,7,0.186885,0.225806,1.2083,0.356285,False
Taylor adult,ADF,25,0.33,14426,1721,31,4,0.119298,0.129032,1.0816,0.514896,False
Taylor adult,ADF,25,0.5,14426,834,31,2,0.057812,0.064516,1.116,0.542123,False
Taylor adult,AVM,25,0.01,14426,3226,31,6,0.223624,0.193548,0.8655,0.722863,False
Taylor adult,AVM,25,0.05,14426,3155,31,6,0.218702,0.193548,0.885,0.700618,False
Taylor adult,AVM,25,0.1,14426,2856,31,4,0.197976,0.129032,0.6518,0.888231,False
Taylor adult,AVM,25,0.2,14426,2093,31,4,0.145085,0.129032,0.8894,0.677455,False
Taylor adult,AVM,25,0.33,14426,1159,31,4,0.080341,0.129032,1.6061,0.235476,False
Taylor adult,AVM,25,0.5,14426,455,31,2,0.03154,0.064516,2.0455,0.25587,False
Taylor adult,CAN,25,0.01,14426,3889,31,10,0.269583,0.322581,1.1966,0.313221,False
Taylor adult,CAN,25,0.05,14426,3775,31,10,0.26168,0.322581,1.2327,0.277935,False
Taylor adult,CAN,25,0.1,14426,3482,31,10,0.24137,0.322581,1.3365,0.195336,False
Taylor adult,CAN,25,0.2,14426,2888,31,7,0.200194,0.225806,1.1279,0.430002,False
Taylor adult,CAN,25,0.33,14426,2075,31,7,0.143838,0.225806,1.5699,0.147709,False
Taylor adult,CAN,25,0.5,14426,1228,31,6,0.085124,0.193548,2.2737,0.043829,True
Taylor adult,CEP,25,0.01,14426,4116,31,12,0.285318,0.387097,1.3567,0.145578,False
Taylor adult,CEP,25,0.05,14426,4064,31,12,0.281714,0.387097,1.3741,0.135277,False
Taylor adult,CEP,25,0.1,14426,3854,31,12,0.267157,0.387097,1.449,0.098341,False
Taylor adult,CEP,25,0.2,14426,3112,31,12,0.215722,0.387097,1.7944,0.022605,True
Taylor adult,CEP,25,0.33,14426,2041,31,6,0.141481,0.193548,1.368,0.269009,False
Taylor adult,CEP,25,0.5,14426,888,31,0,0.061556,0.0,0.0,1.0,False
Taylor adult,HSN,25,0.01,14426,3601,31,13,0.249619,0.419355,1.68,0.028378,True
Taylor adult,HSN,25,0.05,14426,3490,31,12,0.241924,0.387097,1.6001,0.051467,False
Taylor adult,HSN,25,0.1,14426,3127,31,12,0.216761,0.387097,1.7858,0.023433,True
Taylor adult,HSN,25,0.2,14426,2385,31,11,0.165326,0.354839,2.1463,0.008313,True
Taylor adult,HSN,25,0.33,14426,1437,31,8,0.099612,0.258065,2.5907,0.009296,True
Taylor adult,HSN,25,0.5,14426,592,31,5,0.041037,0.16129,3.9304,0.008023,True
Taylor adult,NSM,25,0.01,14426,4293,31,15,0.297588,0.483871,1.626,0.022073,True
Taylor adult,NSM,25,0.05,14426,4227,31,15,0.293013,0.483871,1.6514,0.019157,True
Taylor adult,NSM,25,0.1,14426,3956,31,14,0.274227,0.451613,1.6469,0.0257,True
Taylor adult,NSM,25,0.2,14426,3239,31,12,0.224525,0.387097,1.7241,0.030377,True
Taylor adult,NSM,25,0.33,14426,2280,31,8,0.158048,0.258065,1.6328,0.104263,False
Taylor adult,NSM,25,0.5,14426,1272,31,6,0.088174,0.193548,2.1951,0.050647,False
Taylor adult,PDE,25,0.01,14426,4071,31,10,0.282199,0.322581,1.1431,0.372153,False
Taylor adult,PDE,25,0.05,14426,3993,31,10,0.276792,0.322581,1.1654,0.34657,False
Taylor adult,PDE,25,0.1,14426,3728,31,9,0.258422,0.290323,1.1234,0.408167,False
Taylor adult,PDE,25,0.2,14426,3007,31,7,0.208443,0.225806,1.0833,0.475838,False
Taylor adult,PDE,25,0.33,14426,2153,31,7,0.149244,0.225806,1.513,0.169694,False
Taylor adult,PDE,25,0.5,14426,1262,31,7,0.087481,0.225806,2.5812,0.01566,True
Taylor adult,RIC,25,0.01,14426,2969,31,7,0.205809,0.225806,1.0972,0.461238,False
Taylor adult,RIC,25,0.05,14426,2914,31,7,0.201996,0.225806,1.1179,0.440038,False
Taylor adult,RIC,25,0.1,14426,2591,31,5,0.179606,0.16129,0.898,0.677106,False
Taylor adult,RIC,25,0.2,14426,1745,31,3,0.120962,0.096774,0.8,0.741743,False
Taylor adult,RIC,25,0.33,14426,805,31,3,0.055802,0.096774,1.7342,0.248412,False
Taylor adult,RIC,25,0.5,14426,300,31,2,0.020796,0.064516,3.1024,0.135392,False
Taylor adult,RIH,25,0.01,14426,2022,31,5,0.140164,0.16129,1.1507,0.443173,False
Taylor adult,RIH,25,0.05,14426,1850,31,5,0.128241,0.16129,1.2577,0.365685,False
Taylor adult,RIH,25,0.1,14426,1445,31,4,0.100166,0.129032,1.2882,0.377388,False
Taylor adult,RIH,25,0.2,14426,735,31,2,0.05095,0.064516,1.2663,0.473521,False
Taylor adult,RIH,25,0.33,14426,281,31,0,0.019479,0.0,0.0,1.0,False
Taylor adult,RIH,25,0.5,14426,93,31,0,0.006447,0.0,0.0,1.0,False
Taylor adult,RIM,25,0.01,14426,3450,31,9,0.239152,0.290323,1.214,0.313457,False
Taylor adult,RIM,25,0.05,14426,3401,31,9,0.235755,0.290323,1.2315,0.297439,False
Taylor adult,RIM,25,0.1,14426,3097,31,8,0.214682,0.258065,1.2021,0.342647,False
Taylor adult,RIM,25,0.2,14426,2223,31,7,0.154097,0.225806,1.4654,0.190685,False
Taylor adult,RIM,25,0.33,14426,1271,31,4,0.088105,0.129032,1.4645,0.289741,False
Taylor adult,RIM,25,0.5,14426,564,31,2,0.039096,0.064516,1.6502,0.343265,False
Taylor adult,RIR,25,0.01,14426,3614,31,10,0.25052,0.322581,1.2876,0.230933,False
Taylor adult,RIR,25,0.05,14426,3560,31,10,0.246777,0.322581,1.3072,0.216027,False
Taylor adult,RIR,25,0.1,14426,3324,31,10,0.230417,0.322581,1.4,0.156694,False
Taylor adult,RIR,25,0.2,14426,2645,31,7,0.18335,0.225806,1.2316,0.33702,False
Taylor adult,RIR,25,0.33,14426,1736,31,4,0.120338,0.129032,1.0722,0.522078,False
Taylor adult,RIR,25,0.5,14426,874,31,2,0.060585,0.064516,1.0649,0.568149,False
Taylor adult,ASI,25,0.01,14426,3520,31,9,0.244004,0.290323,1.1898,0.336766,False
Taylor adult,ASI,25,0.05,14426,3359,31,8,0.232843,0.258065,1.1083,0.437497,False
Taylor adult,ASI,25,0.1,14426,2946,31,8,0.204215,0.258065,1.2637,0.290177,False
Taylor adult,ASI,25,0.2,14426,2170,31,7,0.150423,0.225806,1.5011,0.174686,False
Taylor adult,ASI,25,0.33,14426,1273,31,5,0.088243,0.16129,1.8278,0.133098,False
Taylor adult,ASI,25,0.5,14426,633,31,4,0.043879,0.129032,2.9406,0.045188,True
Taylor adult,VC_4_5,25,0.01,14426,3043,31,10,0.210939,0.322581,1.5293,0.09966,False
Taylor adult,VC_4_5,25,0.05,14426,2932,31,10,0.203244,0.322581,1.5872,0.081379,False
Taylor adult,VC_4_5,25,0.1,14426,2553,31,9,0.176972,0.290323,1.6405,0.083316,False
Taylor adult,VC_4_5,25,0.2,14426,1841,31,8,0.127617,0.258065,2.0222,0.036776,True
Taylor adult,VC_4_5,25,0.33,14426,1117,31,5,0.07743,0.16129,2.0831,0.087472,False
Taylor adult,VC_4_5,25,0.5,14426,536,31,4,0.037155,0.129032,3.4728,0.026786,True
Ghaddar (adult),ADF,1,0.01,20222,8512,40,22,0.420928,0.55,1.3066,0.068323,False
Ghaddar (adult),ADF,1,0.05,20222,7464,40,17,0.369103,0.425,1.1514,0.281539,False
Ghaddar (adult),ADF,1,0.1,20222,6203,40,9,0.306745,0.225,0.7335,0.905395,False
Ghaddar (adult),ADF,1,0.2,20222,4210,40,8,0.208189,0.2,0.9607,0.612958,False
Ghaddar (adult),ADF,1,0.33,20222,2500,40,5,0.123628,0.125,1.0111,0.56111,False
Ghaddar (adult),ADF,1,0.5,20222,1226,40,4,0.060627,0.1,1.6494,0.222479,False
Ghaddar (adult),AVM,1,0.01,20222,8769,40,22,0.433637,0.55,1.2683,0.092815,False
Ghaddar (adult),AVM,1,0.05,20222,7520,40,20,0.371872,0.5,1.3445,0.066623,False
Ghaddar (adult),AVM,1,0.1,20222,6059,40,13,0.299624,0.325,1.0847,0.420724,False
Ghaddar (adult),AVM,1,0.2,20222,3618,40,6,0.178914,0.15,0.8384,0.745032,False
Ghaddar (adult),AVM,1,0.33,20222,1714,40,2,0.084759,0.05,0.5899,0.864143,False
Ghaddar (adult),AVM,1,0.5,20222,530,40,1,0.026209,0.025,0.9539,0.654715,False
Ghaddar (adult),CAN,1,0.01,20222,6655,40,19,0.329097,0.475,1.4433,0.038724,True
Ghaddar (adult),CAN,1,0.05,20222,5833,40,16,0.288448,0.4,1.3867,0.085867,False
Ghaddar (adult),CAN,1,0.1,20222,5109,40,15,0.252646,0.375,1.4843,0.058864,False
Ghaddar (adult),CAN,1,0.2,20222,4098,40,13,0.202651,0.325,1.6037,0.047324,True
Ghaddar (adult),CAN,1,0.33,20222,3182,40,12,0.157353,0.3,1.9065,0.017089,True
Ghaddar (adult),CAN,1,0.5,20222,2298,40,10,0.113639,0.25,2.2,0.012141,True
Ghaddar (adult),HSN,1,0.01,20222,9398,40,23,0.464741,0.575,1.2372,0.107448,False
Ghaddar (adult),HSN,1,0.05,20222,8205,40,20,0.405746,0.5,1.2323,0.146101,False
Ghaddar (adult),HSN,1,0.1,20222,6689,40,15,0.330778,0.375,1.1337,0.329356,False
Ghaddar (adult),HSN,1,0.2,20222,4272,40,7,0.211255,0.175,0.8284,0.770104,False
Ghaddar (adult),HSN,1,0.33,20222,2242,40,4,0.110869,0.1,0.902,0.661396,False
Ghaddar (adult),HSN,1,0.5,20222,870,40,2,0.043022,0.05,1.1622,0.51831,False
Ghaddar (adult),NSM,1,0.01,20222,4743,40,11,0.234547,0.275,1.1725,0.328406,False
Ghaddar (adult),NSM,1,0.05,20222,4537,40,11,0.22436,0.275,1.2257,0.273771,False
Ghaddar (adult),NSM,1,0.1,20222,4206,40,11,0.207991,0.275,1.3222,0.19449,False
Ghaddar (adult),NSM,1,0.2,20222,3506,40,7,0.173376,0.175,1.0094,0.554222,False
Ghaddar (adult),NSM,1,0.33,20222,2671,40,6,0.132084,0.15,1.1356,0.437,False
Ghaddar (adult),NSM,1,0.5,20222,1855,40,5,0.091732,0.125,1.3627,0.30347,False
Ghaddar (adult),RIC,1,0.01,20222,9563,40,25,0.472901,0.625,1.3216,0.038209,True
Ghaddar (adult),RIC,1,0.05,20222,8201,40,21,0.405548,0.525,1.2945,0.084918,False
Ghaddar (adult),RIC,1,0.1,20222,6525,40,17,0.322668,0.425,1.3171,0.113297,False
Ghaddar (adult),RIC,1,0.2,20222,3836,40,12,0.189694,0.3,1.5815,0.062717,False
Ghaddar (adult),RIC,1,0.33,20222,1729,40,5,0.085501,0.125,1.462,0.254338,False
Ghaddar (adult),RIC,1,0.5,20222,635,40,1,0.031401,0.025,0.7961,0.721254,False
Ghaddar (adult),RIH,1,0.01,20222,8312,40,17,0.411037,0.425,1.034,0.488679,False
Ghaddar (adult),RIH,1,0.05,20222,7348,40,15,0.363367,0.375,1.032,0.498514,False
Ghaddar (adult),RIH,1,0.1,20222,6008,40,14,0.297102,0.35,1.178,0.282622,False
Ghaddar (adult),RIH,1,0.2,20222,3835,40,8,0.189645,0.2,1.0546,0.496882,False
Ghaddar (adult),RIH,1,0.33,20222,1991,40,2,0.098457,0.05,0.5078,0.915234,False
Ghaddar (adult),RIH,1,0.5,20222,759,40,0,0.037533,0.0,0.0,1.0,False
Ghaddar (adult),RIM,1,0.01,20222,7806,40,17,0.386015,0.425,1.101,0.361404,False
Ghaddar (adult),RIM,1,0.05,20222,6984,40,16,0.345366,0.4,1.1582,0.283652,False
Ghaddar (adult),RIM,1,0.1,20222,5870,40,13,0.290278,0.325,1.1196,0.370142,False
Ghaddar (adult),RIM,1,0.2,20222,3935,40,7,0.19459,0.175,0.8993,0.68483,False
Ghaddar (adult),RIM,1,0.33,20222,2287,40,5,0.113095,0.125,1.1053,0.478401,False
Ghaddar (adult),RIM,1,0.5,20222,1065,40,3,0.052665,0.075,1.4241,0.352896,False
Ghaddar (adult),RIR,1,0.01,20222,8636,40,25,0.42706,0.625,1.4635,0.009127,True
Ghaddar (adult),RIR,1,0.05,20222,7503,40,22,0.371032,0.55,1.4824,0.015873,True
Ghaddar (adult),RIR,1,0.1,20222,6113,40,18,0.302295,0.45,1.4886,0.034244,True
Ghaddar (adult),RIR,1,0.2,20222,3847,40,12,0.190238,0.3,1.577,0.063879,False
Ghaddar (adult),RIR,1,0.33,20222,2057,40,11,0.101721,0.275,2.7035,0.001668,True
Ghaddar (adult),RIR,1,0.5,20222,903,40,4,0.044654,0.1,2.2394,0.101822,False
Ghaddar (adult),ASI,1,0.01,20222,9779,40,28,0.483582,0.7,1.4475,0.004594,True
Ghaddar (adult),ASI,1,0.05,20222,8410,40,24,0.415884,0.6,1.4427,0.014345,True
Ghaddar (adult),ASI,1,0.1,20222,6901,40,20,0.341262,0.5,1.4651,0.027609,True
Ghaddar (adult),ASI,1,0.2,20222,4441,40,8,0.219612,0.2,0.9107,0.678056,False
Ghaddar (adult),ASI,1,0.33,20222,2388,40,3,0.118089,0.075,0.6351,0.866791,False
Ghaddar (adult),ASI,1,0.5,20222,1074,40,3,0.05311,0.075,1.4122,0.357842,False
Ghaddar (adult),VC_4_5,1,0.01,20222,6893,40,16,0.340866,0.4,1.1735,0.263364,False
Ghaddar (adult),VC_4_5,1,0.05,20222,6287,40,15,0.310899,0.375,1.2062,0.236969,False
Ghaddar (adult),VC_4_5,1,0.1,20222,5579,40,12,0.275888,0.3,1.0874,0.424646,False
Ghaddar (adult),VC_4_5,1,0.2,20222,4196,40,11,0.207497,0.275,1.3253,0.192291,False
Ghaddar (adult),VC_4_5,1,0.33,20222,2769,40,8,0.13693,0.2,1.4606,0.173132,False
Ghaddar (adult),VC_4_5,1,0.5,20222,1477,40,4,0.073039,0.1,1.3691,0.334379,False
Ghaddar (adult),ADF,10,0.01,20222,6509,40,13,0.321877,0.325,1.0097,0.542516,False
Ghaddar (adult),ADF,10,0.05,20222,6045,40,11,0.298932,0.275,0.9199,0.686271,False
Ghaddar (adult),ADF,10,0.1,20222,5348,40,6,0.264464,0.15,0.5672,0.972163,False
Ghaddar (adult),ADF,10,0.2,20222,3878,40,6,0.191771,0.15,0.7822,0.80593,False
Ghaddar (adult),ADF,10,0.33,20222,2346,40,4,0.116012,0.1,0.862,0.69738,False
Ghaddar (adult),ADF,10,0.5,20222,1153,40,3,0.057017,0.075,1.3154,0.401047,False
Ghaddar (adult),AVM,10,0.01,20222,5827,40,12,0.288152,0.3,1.0411,0.493685,False
Ghaddar (adult),AVM,10,0.05,20222,5421,40,12,0.268074,0.3,1.1191,0.381065,False
Ghaddar (adult),AVM,10,0.1,20222,4798,40,9,0.237266,0.225,0.9483,0.632687,False
Ghaddar (adult),AVM,10,0.2,20222,3178,40,5,0.157156,0.125,0.7954,0.775204,False
Ghaddar (adult),AVM,10,0.33,20222,1559,40,2,0.077094,0.05,0.6486,0.824927,False
Ghaddar (adult),AVM,10,0.5,20222,476,40,1,0.023539,0.025,1.0621,0.614702,False
Ghaddar (adult),CAN,10,0.01,20222,5550,40,17,0.274454,0.425,1.5485,0.028594,True
Ghaddar (adult),CAN,10,0.05,20222,5200,40,15,0.257146,0.375,1.4583,0.067334,False
Ghaddar (adult),CAN,10,0.1,20222,4798,40,15,0.237266,0.375,1.5805,0.03571,True
Ghaddar (adult),CAN,10,0.2,20222,3997,40,13,0.197656,0.325,1.6443,0.039566,True
Ghaddar (adult),CAN,10,0.33,20222,3142,40,12,0.155375,0.3,1.9308,0.015544,True
Ghaddar (adult),CAN,10,0.5,20222,2278,40,10,0.11265,0.25,2.2193,0.011449,True
Ghaddar (adult),HSN,10,0.01,20222,6275,40,12,0.310306,0.3,0.9668,0.614706,False
Ghaddar (adult),HSN,10,0.05,20222,5944,40,11,0.293937,0.275,0.9356,0.661428,False
Ghaddar (adult),HSN,10,0.1,20222,5359,40,11,0.265008,0.275,1.0377,0.503003,False
Ghaddar (adult),HSN,10,0.2,20222,3857,40,6,0.190733,0.15,0.7864,0.801439,False
Ghaddar (adult),HSN,10,0.33,20222,2100,40,3,0.103847,0.075,0.7222,0.799666,False
Ghaddar (adult),HSN,10,0.5,20222,813,40,2,0.040204,0.05,1.2437,0.4819,False
Ghaddar (adult),NSM,10,0.01,20222,4614,40,11,0.228167,0.275,1.2053,0.293799,False
Ghaddar (adult),NSM,10,0.05,20222,4437,40,11,0.219414,0.275,1.2533,0.248577,False
Ghaddar (adult),NSM,10,0.1,20222,4132,40,11,0.204332,0.275,1.3458,0.178524,False
Ghaddar (adult),NSM,10,0.2,20222,3479,40,7,0.17204,0.175,1.0172,0.545347,False
Ghaddar (adult),NSM,10,0.33,20222,2655,40,6,0.131293,0.15,1.1425,0.431061,False
Ghaddar (adult),NSM,10,0.5,20222,1843,40,5,0.091138,0.125,1.3715,0.298708,False
Ghaddar (adult),RIC,10,0.01,20222,6048,40,12,0.29908,0.3,1.0031,0.554451,False
Ghaddar (adult),RIC,10,0.05,20222,5634,40,12,0.278607,0.3,1.0768,0.43994,False
Ghaddar (adult),RIC,10,0.1,20222,4978,40,12,0.246168,0.3,1.2187,0.265493,False
Ghaddar (adult),RIC,10,0.2,20222,3298,40,10,0.16309,0.25,1.5329,0.104934,False
Ghaddar (adult),RIC,10,0.33,20222,1546,40,4,0.076451,0.1,1.308,0.36618,False
Ghaddar (adult),RIC,10,0.5,20222,562,40,1,0.027792,0.025,0.8996,0.676483,False
Ghaddar (adult),RIH,10,0.01,20222,5868,40,12,0.290179,0.3,1.0338,0.505057,False
Ghaddar (adult),RIH,10,0.05,20222,5477,40,12,0.270844,0.3,1.1077,0.396431,False
Ghaddar (adult),RIH,10,0.1,20222,4866,40,11,0.240629,0.275,1.1428,0.362401,False
Ghaddar (adult),RIH,10,0.2,20222,3400,40,8,0.168134,0.2,1.1895,0.356005,False
Ghaddar (adult),RIH,10,0.33,20222,1821,40,2,0.09005,0.05,0.5552,0.886468,False
Ghaddar (adult),RIH,10,0.5,20222,685,40,0,0.033874,0.0,0.0,1.0,False
Ghaddar (adult),RIM,10,0.01,20222,5915,40,12,0.292503,0.3,1.0256,0.518049,False
Ghaddar (adult),RIM,10,0.05,20222,5552,40,11,0.274552,0.275,1.0016,0.557382,False
Ghaddar (adult),RIM,10,0.1,20222,4985,40,10,0.246514,0.25,1.0141,0.540284,False
Ghaddar (adult),RIM,10,0.2,20222,3588,40,5,0.177431,0.125,0.7045,0.861546,False
Ghaddar (adult),RIM,10,0.33,20222,2146,40,3,0.106122,0.075,0.7067,0.811933,False
Ghaddar (adult),RIM,10,0.5,20222,995,40,2,0.049204,0.05,1.0162,0.592279,False
Ghaddar (adult),RIR,10,0.01,20222,6014,40,18,0.297399,0.45,1.5131,0.029229,True
Ghaddar (adult),RIR,10,0.05,20222,5580,40,16,0.275937,0.4,1.4496,0.060625,False
Ghaddar (adult),RIR,10,0.1,20222,4961,40,15,0.245327,0.375,1.5286,0.046778,True
Ghaddar (adult),RIR,10,0.2,20222,3437,40,11,0.169963,0.275,1.618,0.065469,False
Ghaddar (adult),RIR,10,0.33,20222,1898,40,10,0.093858,0.25,2.6636,0.003177,True
Ghaddar (adult),RIR,10,0.5,20222,844,40,4,0.041737,0.1,2.396,0.084291,False
Ghaddar (adult),ASI,10,0.01,20222,6688,40,18,0.330729,0.45,1.3606,0.077624,False
Ghaddar (adult),ASI,10,0.05,20222,6197,40,16,0.306448,0.4,1.3053,0.133649,False
Ghaddar (adult),ASI,10,0.1,20222,5483,40,13,0.27114,0.325,1.1986,0.272216,False
Ghaddar (adult),ASI,10,0.2,20222,3875,40,7,0.191623,0.175,0.9133,0.667929,False
Ghaddar (adult),ASI,10,0.33,20222,2124,40,3,0.105034,0.075,0.7141,0.806144,False
Ghaddar (adult),ASI,10,0.5,20222,931,40,3,0.046039,0.075,1.6291,0.279406,False
Ghaddar (adult),VC_4_5,10,0.01,20222,6033,40,13,0.298338,0.325,1.0894,0.413704,False
Ghaddar (adult),VC_4_5,10,0.05,20222,5707,40,13,0.282217,0.325,1.1516,0.327725,False
Ghaddar (adult),VC_4_5,10,0.1,20222,5223,40,11,0.258283,0.275,1.0647,0.464087,False
Ghaddar (adult),VC_4_5,10,0.2,20222,4037,40,10,0.199634,0.25,1.2523,0.266098,False
Ghaddar (adult),VC_4_5,10,0.33,20222,2693,40,7,0.133172,0.175,1.3141,0.2789,False
Ghaddar (adult),VC_4_5,10,0.5,20222,1444,40,3,0.071407,0.075,1.0503,0.551498,False
Ghaddar (adult),ADF,25,0.01,20222,3999,40,5,0.197755,0.125,0.6321,0.919369,False
Ghaddar (adult),ADF,25,0.05,20222,3795,40,5,0.187667,0.125,0.6661,0.89385,False
Ghaddar (adult),ADF,25,0.1,20222,3489,40,3,0.172535,0.075,0.4347,0.977912,False
Ghaddar (adult),ADF,25,0.2,20222,2747,40,3,0.135842,0.075,0.5521,0.922936,False
Ghaddar (adult),ADF,25,0.33,20222,1793,40,1,0.088666,0.025,0.282,0.975707,False
Ghaddar (adult),ADF,25,0.5,20222,860,40,1,0.042528,0.025,0.5878,0.824491,False
Ghaddar (adult),AVM,25,0.01,20222,3385,40,7,0.167392,0.175,1.0455,0.514011,False
Ghaddar (adult),AVM,25,0.05,20222,3236,40,7,0.160024,0.175,1.0936,0.463269,False
Ghaddar (adult),AVM,25,0.1,20222,2975,40,6,0.147117,0.15,1.0196,0.547359,False
Ghaddar (adult),AVM,25,0.2,20222,2257,40,4,0.111611,0.1,0.896,0.666747,False
Ghaddar (adult),AVM,25,0.33,20222,1245,40,2,0.061567,0.05,0.8121,0.714964,False
Ghaddar (adult),AVM,25,0.5,20222,392,40,1,0.019385,0.025,1.2897,0.543319,False
Ghaddar (adult),CAN,25,0.01,20222,4284,40,11,0.211848,0.275,1.2981,0.21206,False
Ghaddar (adult),CAN,25,0.05,20222,4132,40,11,0.204332,0.275,1.3458,0.178524,False
Ghaddar (adult),CAN,25,0.1,20222,3917,40,11,0.1937,0.275,1.4197,0.136276,False
Ghaddar (adult),CAN,25,0.2,20222,3468,40,9,0.171496,0.225,1.312,0.237963,False
Ghaddar (adult),CAN,25,0.33,20222,2856,40,8,0.141232,0.2,1.4161,0.195239,False
Ghaddar (adult),CAN,25,0.5,20222,2137,40,6,0.105677,0.15,1.4194,0.243671,False
Ghaddar (adult),HSN,25,0.01,20222,4005,40,8,0.198052,0.2,1.0098,0.550753,False
Ghaddar (adult),HSN,25,0.05,20222,3860,40,7,0.190881,0.175,0.9168,0.663627,False
Ghaddar (adult),HSN,25,0.1,20222,3597,40,7,0.177876,0.175,0.9838,0.583651,False
Ghaddar (adult),HSN,25,0.2,20222,2884,40,6,0.142617,0.15,1.0518,0.515015,False
Ghaddar (adult),HSN,25,0.33,20222,1777,40,3,0.087875,0.075,0.8535,0.694972,False
Ghaddar (adult),HSN,25,0.5,20222,744,40,2,0.036792,0.05,1.359,0.435776,False
Ghaddar (adult),NSM,25,0.01,20222,3905,40,8,0.193107,0.2,1.0357,0.519258,False
Ghaddar (adult),NSM,25,0.05,20222,3801,40,8,0.187964,0.2,1.064,0.485938,False
Ghaddar (adult),NSM,25,0.1,20222,3616,40,8,0.178815,0.2,1.1185,0.425887,False
Ghaddar (adult),NSM,25,0.2,20222,3163,40,6,0.156414,0.15,0.959,0.61134,False
Ghaddar (adult),NSM,25,0.33,20222,2483,40,5,0.122787,0.125,1.018,0.554711,False
Ghaddar (adult),NSM,25,0.5,20222,1763,40,5,0.087182,0.125,1.4338,0.267385,False
Ghaddar (adult),RIC,25,0.01,20222,3492,40,5,0.172683,0.125,0.7239,0.844124,False
Ghaddar (adult),RIC,25,0.05,20222,3334,40,5,0.16487,0.125,0.7582,0.811804,False
Ghaddar (adult),RIC,25,0.1,20222,3078,40,5,0.15221,0.125,0.8212,0.749207,False
Ghaddar (adult),RIC,25,0.2,20222,2350,40,5,0.11621,0.125,1.0756,0.50338,False
Ghaddar (adult),RIC,25,0.33,20222,1276,40,4,0.0631,0.1,1.5848,0.24397,False
Ghaddar (adult),RIC,25,0.5,20222,492,40,1,0.02433,0.025,1.0275,0.627007,False
Ghaddar (adult),RIH,25,0.01,20222,3549,40,7,0.175502,0.175,0.9971,0.568225,False
Ghaddar (adult),RIH,25,0.05,20222,3373,40,7,0.166799,0.175,1.0492,0.509967,False
Ghaddar (adult),RIH,25,0.1,20222,3125,40,7,0.154535,0.175,1.1324,0.424989,False
Ghaddar (adult),RIH,25,0.2,20222,2447,40,6,0.121007,0.15,1.2396,0.353871,False
Ghaddar (adult),RIH,25,0.33,20222,1466,40,2,0.072495,0.05,0.6897,0.796953,False
Ghaddar (adult),RIH,25,0.5,20222,570,40,0,0.028187,0.0,0.0,1.0,False
Ghaddar (adult),RIM,25,0.01,20222,3700,40,4,0.182969,0.1,0.5465,0.950755,False
Ghaddar (adult),RIM,25,0.05,20222,3535,40,3,0.17481,0.075,0.429,0.979656,False
Ghaddar (adult),RIM,25,0.1,20222,3288,40,3,0.162595,0.075,0.4613,0.968556,False
Ghaddar (adult),RIM,25,0.2,20222,2657,40,2,0.131392,0.05,0.3805,0.974911,False
Ghaddar (adult),RIM,25,0.33,20222,1753,40,2,0.086688,0.05,0.5768,0.872696,False
Ghaddar (adult),RIM,25,0.5,20222,843,40,1,0.041687,0.025,0.5997,0.818214,False
Ghaddar (adult),RIR,25,0.01,20222,3632,40,9,0.179606,0.225,1.2527,0.283301,False
Ghaddar (adult),RIR,25,0.05,20222,3443,40,9,0.17026,0.225,1.3215,0.231323,False
Ghaddar (adult),RIR,25,0.1,20222,3183,40,9,0.157403,0.225,1.4295,0.167328,False
Ghaddar (adult),RIR,25,0.2,20222,2483,40,8,0.122787,0.2,1.6288,0.110004,False
Ghaddar (adult),RIR,25,0.33,20222,1536,40,7,0.075957,0.175,2.3039,0.029359,True
Ghaddar (adult),RIR,25,0.5,20222,718,40,3,0.035506,0.075,2.1123,0.168651,False
Ghaddar (adult),ASI,25,0.01,20222,3922,40,4,0.193947,0.1,0.5156,0.965372,False
Ghaddar (adult),ASI,25,0.05,20222,3714,40,4,0.183661,0.1,0.5445,0.951816,False
Ghaddar (adult),ASI,25,0.1,20222,3412,40,4,0.168727,0.1,0.5927,0.923866,False
Ghaddar (adult),ASI,25,0.2,20222,2685,40,3,0.132776,0.075,0.5649,0.915054,False
Ghaddar (adult),ASI,25,0.33,20222,1615,40,1,0.079864,0.025,0.313,0.964303,False
Ghaddar (adult),ASI,25,0.5,20222,718,40,1,0.035506,0.025,0.7041,0.764839,False
Ghaddar (adult),VC_4_5,25,0.01,20222,4137,40,10,0.204579,0.25,1.222,0.293089,False
Ghaddar (adult),VC_4_5,25,0.05,20222,3987,40,10,0.197162,0.25,1.268,0.252969,False
Ghaddar (adult),VC_4_5,25,0.1,20222,3728,40,9,0.184354,0.225,1.2205,0.311077,False
Ghaddar (adult),VC_4_5,25,0.2,20222,3109,40,8,0.153743,0.2,1.3009,0.265965,False
Ghaddar (adult),VC_4_5,25,0.33,20222,2249,40,6,0.111216,0.15,1.3487,0.282299,False
Ghaddar (adult),VC_4_5,25,0.5,20222,1259,40,3,0.062259,0.075,1.2046,0.457859,False
