gene_short_name,ADF,ADL,AFD,AIA,AIB,AIM,AIN,AIY,AIZ,ALA,AS,ASE,ASG,ASH,ASI,ASJ,ASK,AUA,AVA,AVB,AVD,AVE,AVF,AVH,AVJ,AVK,AVL,AVM,AWA,AWB,AWC,Amphid sheath,Amphid socket,Anal muscle,Apoptotic germ cells,Arcade cells,BAG,BDU,Body wall muscle anterior,Body wall muscle middle,Body wall muscle posterior,CAN,CEP_ADE_PDE,Cephalic and inner labial socket,Cephalic sheath,Coelomocytes,DA_VA,DB_VB,DVA,DVB,DVC,Differentiated germ,Distal tip,Dorsal uterine cell,Embryonic cells,Excretory cells,Excretory duct,Excretory gland,GLR,Glia_1,Glia_2,Glia_3,Glia_4,HSN,Hypodermis head,Hypodermis tail,I1,I2,I4,I5,IL1,IL2,Intestinal-rectal valve,Intestine anterior,Intestine middle,Intestine posterior,LUA,M1,M2,M3,M4,M5,MI,Marginal cells,Mature sperm,Meiotic germ cells,Mitotic germ cells,NSM,OLL,OLQ,Oocytes,PDA,PDB,PHA_PHB,PHC,PLM_ALM,PLN,PVC,PVD_FLP,PVM,PVN,PVP,PVQ,PVR,PVT,PVW,Phasmid sheath,Phasmid socket,RIA,RIB,RIC,RID,RIF,RIG,RIH,RIM,RIP,RIR,RIS,RIV,RMD,RMD_LR,RME,RMF,RMG,RMH,Rectal gland,SAA,SAB,SDQ,SIA,SIB,SMB,SMD,Seam cells (bus+),Seam cells (grd+),Seminal vesicle (male),Spermatheca bag distal,Spermatheca bag proximal,Spermatheca neck distal,Spermatheca neck proximal,Spermatheca-Uterine junction,Spermatids,Spermatocytes,Syncitial pachytene spermatocytes,URA,URB,URX_AQR_PQR,URY,Unassigned hypodermis/gonadal sheath,Unassigned sex-specific muscle,Unassigned sheath cells,Unassigned uterine cells,Uterine muscle,Uterine seam cells,Uterine toroid,Uterine-vulval cells,VC,VC_4_5,VD_DD,Vulval cells,XXX,cat-4(+)ptps-1(+) intestine anterior,e1_e3 (pharyngeal epithelium),e2 (pharyngeal epithelium),g1A (pharyngeal gland),g1P (pharyngeal gland),g2 (pharyngeal gland),hmc,hyp4_to_hyp6,hyp7 (hypodermis),pm1_pm2 (pharyngeal muscle),pm3_pm4_pm5 (pharyngeal muscle),pm6_pm7 (pharyngeal muscle),sh1 (gonadal sheath distal),sh2 (gonadal sheath distal),sh3_sh4 (gonadal sheath proximal),sh5 (gonadal sheath proximal),vm1 (vulval muscle),vm2 (vulval muscle)
C06A5.12,0.0,0.0,5.94941846277328,4.74720841199714,0.0,0.0,0.0,0.0,0.0,0.0,1.06516299142678,7.48461639574893,0.0,0.0,40.8208857869568,0.0,0.0,0.0,1.96449392792396,0.0,0.0,0.0,0.0,0.0,2.87711404620376,0.0,0.0,0.0,0.0,0.0,0.0,1.6469683832732,4.37077242431133,0.0,6.42841066012648,1.47056092012171,0.0,0.0,0.288880191001013,1.58439976892602,1.29140762752203,0.0,0.61353284033642,0.0,3.39751627744163,0.336841113619095,2.5827929560344,0.384276721759703,0.0,0.0,14.2909132954771,3.29973310016477,1.11960823241146e-15,0.0,0.0,3.67777014275546,0.0,0.0,2.39186096396419,0.983880800786501,6.44949111514197,0.0,0.0,0.0,1.17265479730794,0.0,0.0,0.0,0.0,10.6696875943542,0.0,0.0,0.194204111352165,0.0,2.17065580804045,2.30666191746587,0.0,11.8061951114812,0.0,0.0,0.0,0.0,0.0,0.0,2.18435068331416,2.21540311342036,3.21896887957062,0.0,0.0,0.0,12.3949532092864,0.0,0.0,0.0,0.0,0.0,0.0,2.46025922098926,0.0,3.56587121192953,0.0,0.0,0.0,0.0,0.0,0.911060776642553,0.0,0.0,0.0,0.0,0.0,0.0,0.0,0.0,0.0,0.0,6.3515669988911,7.93548242441657,0.0,0.0,2.9537643843474,4.31453587287274,0.0,10.0441360865588,0.0,0.496288703751947,0.0,0.0,0.0,0.0,1.53391554970566,1.5189786428989,1.97568914200529,1.19487806132873,0.0,2.7963606399536298e-11,0.0,0.0,0.0200271476485891,0.0338265359573142,0.0,0.0,6.91313059646439,14.1033486356165,137.469679972383,12.8156519384305,0.0,0.0,0.0,1.3458558782761,0.0,0.0,0.0,0.0,0.0,0.130740294658237,0.0,0.971868583064209,0.0,0.987307929605103,5.32820068699295e-10,0.0,1.44565184485742,0.529167380647362,1.73583876252234,0.0,0.0,0.0,0.0,0.538260742285757,1.38820267686825,0.0,0.474453215496716,1.85230776586429,2.42900513786772,1.11947387078795,1.07010417656542,0.0,0.0,0.0
C55C3.3,11.8738149632197,1.85681916737726,2.17058080866196,2.07798332138769,2.882628078419,0.0,0.834719475918852,0.0,0.417858646270434,0.0,0.900797245295914,0.0,1.65574519333958,0.0,1.21995282928297,3.14821972577151,0.0,1.94665908686192,0.0903294141737856,4.8400223711251,3.95293800998703,1.41914636377637,0.0,2.96574987258705,1.33440731448039,3.17879945193914,0.0901765769655978,0.0,0.0,1.33217517866328,0.0,2.46019796301417,0.707203405202617,0.267613576801509,2.80965557305647,1.12847866259271,2.55578792561907,0.0,0.153438451548786,0.581591413786919,1.27918313208483,0.0,0.0,2.42701503927823,0.979485662301271,0.0244220084591867,2.30735588909809,1.70275532405233,0.0,0.0,0.0,2.47914474285878,0.0,0.101609081649088,0.0,1.3194782862805,2.19893630743967,1.1021955394111,8.87021245436367,1.07303441539023,0.0,0.0,0.0,0.0,1.76716229296813,0.0,0.0,0.0,0.0,0.0,0.0,0.690514707944267,0.969559607383205,0.481625758305258,0.953404164917767,0.364589787799552,4.14618152978645,9.19996166767224,0.701127242650748,0.0,0.0,5.30824378861769,1.09802132830467,2.97565675847258e-14,138.510339620944,2.32771063751002,3.07563110368942,0.0,0.0,0.0,2.86515940847952,0.0,0.0,0.0,0.0,1.6883577740554,3.89164239773966,1.95748056358298,0.0,0.0,0.0,0.0,0.0,0.0,0.0,0.0,0.0,0.0,2.44671616543487,2.24886906667727,0.0,3.57900141342718,1.38297129328843,0.0,1.410941097785,5.99823154255522,3.43698788917626,0.0,2.85487631709186,0.0,0.0,0.0,1.90958200048191,0.0,0.0,0.0,0.0,1.52999542112068,0.0,0.0,2.1309457313048,0.739290257416354,0.323856464621085,4.03036756227185,1.30593339516303,0.216309465478965,0.0,0.0001565493768065,0.0001247790101838,3.10686338428242e-10,0.0,0.0189389215974672,273.512724190548,176.534353494751,10.6405376414976,0.0,0.0,5.90442386197422,0.0,1.58505965239215,2.66319878111442e-05,0.0002391619978143,0.221150907589156,0.0,7.4009615876808e-15,0.0571866595213352,6.430482358638031e-15,1.96844695073646,7.74499964559278,0.18313093581454,1.46214264018897,0.0,1.31736656856242,1.1560083750836201e-14,0.0,2.53299344790463,0.0,0.0,4.44938568211017,1.30747680041016,1.67439363728613,0.146558562566229,0.655338675257645,0.0,1.60694475223265,0.941631830949305,0.581379534619455,1.86320953513951,0.0,0.0001700047676606
F07B7.2,0.0,0.0,0.0,0.0,0.0,0.0,0.0,0.0,0.0,0.0,0.0,0.0,0.0,0.0,0.0,0.0,0.0,0.0,0.0,0.0,0.0,0.0,0.0,0.0,0.0,0.0,0.0,0.0,0.0,0.0,0.0,0.0,0.0,0.0,0.0,0.0,0.0,0.0,0.0,0.0,0.0,0.0,0.0,0.0,0.0,0.0,0.0,0.0,0.0,0.0,0.0,0.0,0.0,0.0,0.0,0.0,0.0,0.0,0.0,0.0,0.0,0.0,0.0,0.0,0.0,0.0,0.0,0.0,0.0,0.0,0.0,0.0,0.0,0.0,0.0,0.0,0.0,0.0,0.0,0.0,0.0,0.0,0.0,0.0,0.0,0.0,0.0,0.0,0.0,0.0,0.0,0.0,0.0,0.0,0.0,0.0,0.0,0.0,0.0,0.0,0.0,0.0,0.0,0.0,0.0,0.0,0.0,0.0,0.0,0.0,0.0,0.0,0.0,0.0,0.0,0.0,0.0,0.0,0.0,0.0,0.0,0.0,0.0,0.0,0.0,0.0,0.0,0.0,0.0,0.0,0.0,0.0,0.0,0.0,0.0,0.0,0.0,0.0,0.0,0.0,0.0,0.0,0.0,0.0,0.0,0.0,0.0,0.0,0.0,0.0,0.0,0.0,0.0,0.0,0.0,0.0,0.0,0.0,0.0,0.0,0.0,0.0,0.0,0.0,0.0,0.0,0.0,0.0,0.0,0.0,0.0,0.0,0.0,0.0,0.0,0.0,0.0,0.0,0.0,0.0
F40H3.2,0.0,14.0186579228118,25.3026244369807,15.1350946527191,5.75363765557963,13.9292903577568,7.82904070160723,14.8788643231176,35.5612922375382,4.51056479937596,19.1102229028748,29.0386770343213,35.4598898574477,30.9074697510876,21.842983978931,14.5248289662659,7.55316182056803,6.2632826852792,8.92756082337087,19.5782082892862,17.1340371143161,16.7540502899483,80.0741111796005,13.7025365424815,14.3735587202271,14.0187224997704,21.1881463262959,12.4448012937052,18.2353846694357,41.1323268130952,18.0656151823426,37.4337630930255,10.8052300223523,19.4783075162075,18.7465153110459,7.58201945087247,12.356095416922,17.7869772022935,9.07060197824359,16.5048378811625,27.2846622195959,4.73296798969831,30.8362434665499,0.0,33.2693352587505,1.7107134854273,21.248252774212,33.5105585353406,0.0,0.0,0.0,15.8503017038894,7.04564219621514,13.6950212578777,7.20237519903294,38.5275807148791,49.8256351820279,32.2341088426399,4.63597091997464,55.1173271749871,27.1175071664042,1746.66400196354,0.0,9.711359201982,459.869167895806,1612.79182949941,0.0,0.0,20.0590942500397,16.6120348574384,10.2153116772334,20.70972176605,6.43903174899182,12.1486233503205,14.9355384667371,15.5340250193817,23.7960908703625,11.7110990375225,0.0,0.0,0.0,7.02637730030297,16.4283697957962,16.5079133725051,2.56153789648335,7.07692938869384,3.11636278798097,0.0,0.0,11.3700364222121,19.6622028906266,0.0,0.0,91.3082608850405,0.0,10.8205467565784,50.2819521383119,35.5829758718255,18.0377165723905,64.2565852130575,53.551006784957,0.0,24.2566097065997,0.0,0.0,8.04699000049868,224.86983778873,2420.0785485098,32.2626578870597,46.3298544222567,21.3497378217064,15.235016405003,67.7720645610247,47.6332830141657,12.7133922225937,8.8497640408923,37.8555842212307,51.4010263412085,6.4917687950742,33.7264663345915,18.1812862764029,40.3770000634758,13.5436915469596,10.2414698378047,16.0428308579235,10.6277661450082,10.7922683151285,9.57537521003385,0.0,0.0,19.9875015552717,19.8731516934747,13.9388159213402,21.5810343273612,62.3752080131121,219.345309874965,64.819568791807,0.379587429793154,0.288166757723139,0.334010806580496,0.0,9.66969860649166,1.61666095845702,0.4784481002331,0.0,27.6438965453324,0.0,34.2887258915316,4.66280790613101,137.573879132118,9.15561834431503,0.0,11.7905975339971,2.17985927253435,5.83195555546246,6.43004206027723,2.75771959835902,18.3053729080907,0.0,14.7997503052456,897.453111899188,22.383781514018,18.2081681419618,23.8901138339814,11.2262963467114,22.0117151599088,23.1720539234984,2.5573216502611,1.70351219966662e-14,190.339813195986,42.2639398502439,10.8240500759748,22.5878757231955,1.19034156266171,29.3230867601888,19.7580332394474,20.7609348363801,7.52425531228036,1.71592918025485,12.157602572555
F42A9.6,16.4821056818512,26.7827420790531,87.0908784180094,32.9059168932017,39.5272278487514,34.5020454281274,36.97737080534,12.6946994373245,28.8208227789911,32.493782043309,73.1427992502512,47.2339735574412,19.5707487666059,17.5423741029491,23.4568135949672,35.1732354131174,56.7858930169873,231.758541427011,63.466182904199,43.5396972244791,26.0510463669372,64.5973248571017,46.4521669742423,73.8984235830103,19.0868997031946,19.537926528449,13.1916061362178,25.1470105887391,26.8159328408799,20.6847368837679,25.9509978102425,49.0780595808463,45.4497934169456,33.114332876972,320.257201289862,21.2864557339855,279.474688090067,18.1547635575682,36.9692103619156,43.1621694016007,60.4026333860461,31.4854894760138,41.8771144199031,28.5208300978197,64.8334191310943,2.36400019155516,53.3903246893076,50.6728101049052,4.3116814316723,40.2970863371981,79.5677899765703,105.866686395415,18.12014304036,4.11101394934173,6.14890832918055,76.8917227780951,30.4852014860438,74.707394597585,0.0048796915705416,74.5625628959167,29.7523069937983,25.9121792687546,54.3211273268708,146.516477716411,46.9032500047631,51.1399100787042,201.287834288398,69.0099160690956,25.481377568211,5.82635370979658,41.7640056470384,24.9228766524545,36.727224273884,24.3571027642013,35.6346355863299,28.1544884053894,131.995274692717,8.91583871812132,28.5436291716363,48.7132254451643,66.8293426513537,20.6058844969053,34.3211908092893,20.0626954397474,0.181924552473777,270.839534673892,174.9808177767,166.293846989591,0.0,57.4352453260343,135.214468154129,114.635344254144,48.509979244615,7.33493490397322,231.628104749675,43.4978387148865,23.4802705760406,5.01230280081993,42.8715536662978,38.9752164045711,0.0,44.5763148900062,20.2732924586591,32.8986209404629,11.9683984142751,58.4549090562602,54.9484659044251,107.684746721121,37.1998895985603,55.8692094076017,253.585887081421,37.2516770755736,27.8689124823936,20.3433408523817,33.8307913068919,52.1331331007277,17.7171523449545,20.6370607580802,29.3408310861487,6.26005347108998,65.0705141648621,27.5958164075017,45.6577461797781,27.9081579297242,46.1771526358292,21.066210299646,38.8021898562646,33.9198250462309,0.0,32.2109107875936,26.2039940400948,31.5297333159379,28.2072478311796,44.1366382839915,24.9937592947132,12.0713183881901,7.23784538376358,0.802176928730232,0.0515331245088681,3.07208026045775e-06,0.0,3.65051171616432,0.109159695212566,0.746467946530173,131.645476481325,21.8080979544981,6.05852636635661,46.0805255056248,78.253787766978,51.2359857880764,3.47487688422314,4.64693211581511,0.783345867563924,5.2998173731751,7.2722795819852,1.34409653141775,0.964633382827544,142.775444379474,83.9087895085585,108.648075971098,13.2918734630785,79.2498920770291,45.0889156741135,3.70064935209814,7.19712656709537,3.15931295787131,29.2677880696286,15.3566534968999,20.4136060790416,46.9971001706583,42.2242099239867,4.80093637338352,17.2781676962213,4.76641166207347,67.8781210422822,42.5949025250652,41.5271450829093,47.5214449048629,3.41179927781125,6.79794811434196
H14A12.5,0.0,7.48405523779242,0.362663870167377,0.484164274382048,0.0,0.168470314195075,0.0,0.0,0.0,0.0,0.0416974355274306,1.30398224583745,0.301221045211948,0.0,0.0,0.0,0.0,0.0,1.36841429416222,0.0,0.0,1.0004635538897,0.0,0.0,0.0,0.672322097704937,0.976566899770246,0.0,0.0,0.0,0.0,3.56962813189231,0.0,0.0,10.0063097296509,3.20385264165568,0.0,0.754490402127397,0.155245022144089,0.938452739518484,1.96153048974424,0.0,0.0,0.0,5.05853895837688,1.4013011244868102e-15,2.00862569301328,0.0,0.0,0.0,0.0,3.7893587176064,0.2735122843106,1.66526859767664,4.27710161655211,3.4459445355036,2.40001021375052,13.6965891434536,0.0,5.7002359497323,6.25209990760248,0.0,0.0,1.43638640619583,3.23755022727905,0.0,0.0,13.4475639573431,0.0,0.0,0.0,3.33922779488549,4.46427388057679,1.116368682323,3.62671177069281,1.26654105331361,0.0,0.0,0.0,0.0,0.0,0.0,0.0,0.0,1.11141484401837,9.91095398520071,7.31774393251528,0.0,0.0,0.0,7.62132323573898,26.9929525031051,0.0,0.0,0.0,0.88763586024449,0.0,0.0,0.0,4.8464078939899,0.0,0.0,0.0,0.0,0.0,0.0,0.0,0.0,0.0,0.0,0.0,0.0,0.0,0.0,0.0,0.0,1.64548141007377,0.289146695144074,10.2930825013759,0.0,0.13594112286585,0.313566982605074,4.04824449124121,0.0,0.0,0.0,1.72273931666342,0.0,0.0,0.0,0.915104038319122,0.0873152746871596,0.883763395906926,1.42895440704244,0.0,0.430298529874043,0.0,0.0,0.0,4.50063293922199e-15,0.0,9.64260986940698e-07,1.73203871139169,1.46643672402965,9.10694190857348,0.0,0.0,0.480219264016984,0.0,3.46781126693562,1.42047616978572,21.4519977984996,0.0,0.0,4.860825469431e-05,0.130532545913082,3.12635652223748,0.107456821826499,0.0,0.947010600451115,1.90713090739437,0.0,4.46638861303136,8.33313808732037e-07,5.80936539194322e-06,0.0,0.738840102279112,0.0,0.0,2.26871640904081,0.991684958892971,0.0,8.16083476519686e-07,0.0,3.95717207378594,6.81048188050335,16.3221306903837,3.4845534263611805e-09,0.0,0.0
K07E3.1,10.528439413547,1.40632184217285,0.0,18.4510722920155,1.23327372087434,14.3074939916615,23.2653541053394,13.3651205428579,11.6922426501304,5.8126986910305,38.524983083041,0.0,39.7504345987988,0.0,10.6784050532624,8.19044125036746,0.465021118612681,12.2526693000157,11.0544623382089,23.7646426399386,17.2553931316142,31.7249326886087,0.0,10.5696829650118,9.02280008896803,7.1325537774594,11.415444788615,11.843886749032,30.1445192990528,4.24728936204988,0.0,13.5714362816978,45.4962554122868,1.42300765475774,3.7641287098276,8.25378412994633,10.2742238434553,3.71212731134351,2.45307488760049,3.12417178042991,11.8370720740405,53.4947878768327,20.3813525067053,32.3526186471872,18.6153965765694,49.6216851483196,28.5562990927661,13.2140846667715,0.0,0.0,37.0066480374196,2.44613404801725,21.1312867663539,22.536801296511,35.4800432118338,40.4905365889442,135.570269008248,11.3600890398324,27.5298338902124,20.1688472766829,56.7904092014271,23.5844002839766,36.0284368645946,16.1548820682459,17.2665391404143,19.1537995212681,0.0,24.2569206613688,12.6866945906489,5.32201309563905,9.64012589324726,34.719395369469,88.5469566200872,55.5182921221902,9.15598949009538,39.4924789354223,0.0,0.0,7.97296167971451,23.16091462383,0.0,25.6845979737434,0.0,7.87396486140502,0.43625130502723,2.28272800700447,0.996121919273241,31.4861636826633,56.721166038996,49.1870929225192,10.5087695038279,41.0510402060338,95.4111202317455,112.3819885817,0.0,24.594389146558,26.5944503757594,0.0,19.2807593424025,10.0196669193706,0.0,0.0,25.1987991597222,33.9648872725257,0.0,40.2306454521077,40.4895641869681,32.4222230173785,50.088850373107,23.1788761271514,8.35759274542456,24.9846354868458,0.0,7.22187907114149,44.997022871076,0.0,5.36406138648689,6.10913945653399,3.1654704016794,17.8658010363959,31.5460147191865,0.0,19.6532018279943,33.5603790618047,16.5995381916764,30.4271390941706,9.65561658843739,0.0,156.945049785975,8.73287689033877,30.7733428899302,28.0244926558094,23.5821932350179,13.9837429278699,18.4950233253059,42.3324625234775,0.0,62.3114616989165,13.3233639226617,8.79970725685447,5.24168253450738,20.6815871585568,0.0503291416375052,0.322344531162297,1.44262773479529,25.4665149346448,44.8930439265534,26.2645661081791,104.425605419061,8.97521530095053,0.0,44.8031244326788,4.97994563883366,10.5448279306626,9.17281669069773,4.92620135859843,21.4977063645959,19.4289518728195,8.57391812942053,31.3611962579859,19.8519301019197,0.0,5.52280183573295,20.3251961164058,28.6167431516982,0.0,5.16674874982646,3.25430520197355,0.0,7.80469390867681,8.37528659190159,5.64954693402112,5.3598420884003,5.81657733927622,4.69302712824445,6.31718361009982,7.7406692284404,3.37178135919456,6.57848315403827,9.71245138368155
K08F4.5,2.38826967687791e-06,7.09567396195704,2.95680686542624,2.49472445499345,5.28057142574681,1.86868379271257,5.90032911783223,4.21501998620568,9.9808091718645,7.18562845449647,2.06040007480667,4.98308141655509,1.72416860936636,2.77630639094535,8.36142267489789,1.68976552056072,1.82542803130146,2.2223217815598,0.122467822578925,1.80840299722936,4.58060094881632,1.20861847773503,4.05487774551572,3.90951563670337,0.620858691363832,2.45426357904682,3.80002479816377,8.54985654027533,2.40790344436328,0.426418264660145,0.128528121614776,0.180034732064385,0.0992513924659941,0.155123526259311,0.779534685346137,0.227527210462961,3.65319224245687,7.46860427024372,0.255671339152826,0.250891467451497,0.149649714675354,0.0,9.39553071148125,0.0,0.306697836546233,0.0018178545362684,3.78087434278644,1.39889274563107,0.0,1.67452413426619,0.415973325717849,0.741376116268035,2.6109181734096,0.0215190639826838,0.0,1.81057030037067,0.0446009809507325,3.93823817551996,8.05225551093523,0.41733231545593,0.411076137089752,0.388254060810186,0.888106514596945,3.77805090959192,0.336537358293028,0.294444497930852,3.97366701634183,4.03040398206915,4.53861761089062,0.0,2.93413990065111,1.01464338982888,0.0069831446514612,0.0126504859443923,0.578295328719864,0.196016997289257,0.0,0.0,1.65232199880329,1.89280610928471,9.55598665944153,0.564856584464128,6.11179277935244,0.684774954097388,434.892901321564,1.00835104004879,1.15436564591661,0.0,5.99855776084564,3.86574643965543,0.971445297344279,9.57505904231611,0.0,0.0,0.0,2.98776547458485,9.8965421938253,7.043958630688,3.25366639732602,0.0,0.0,4.47205093041955,0.0,0.0,0.0,0.0,1.9892700175261,0.277738724959521,4.27009112685754,0.0,2.39142993534134,1.4158386209352,3.32760120760413,1.97661487746117,0.0,2.30120395052769,0.0,2.45797603191417,3.63788521082277,0.736402416959556,4.05670562401709,1.94349993283884,2.5539665690371,0.0,3.88896774823133,3.70854796464224,0.78343169969763,2.75541884238833e-06,36.4092867835832,4.23608442589262,3.45623481426452,1.84304563664466,3.65441903047037,3.29403710307363,0.102443476840409,0.0948542088169894,0.0,4.23514294196778e-15,6.59466475758126e-11,3.4845916655446294e-11,0.0,1.27708132527297,1000.24790695505,470.740749603385,0.316310569681102,0.923767640760861,0.0,0.0,1.71552460282695,0.354972221349151,0.0,1.268334800108e-06,0.649556557594994,0.0239931548375507,0.0266728280546464,0.195026884440791,0.379229838297817,2.62329963551316,1.15855993435407,2.96511321884597,0.128018047020659,0.492786247671069,0.772272272542022,0.651479288242378,0.345660370055222,0.0,0.526081881363527,0.592381186227089,5.02124366351874,0.565184299034402,0.136969028546687,0.307350660196797,0.560038509253694,1.0364142232692,0.56637378583477,0.351741891789369,0.369697247361395,0.156143312512219,7.42272123843725e-14,0.0
K10C2.8,9.86937660306839,20.370002595924,21.7067918857919,30.067933577827,35.4705841784227,17.6260895865601,40.091164166681,37.6369493519682,17.2168737952253,32.996446001487,24.8759432542305,12.6611084611927,13.2183632097469,22.1662896640909,7.83456698194476,6.31921661325675,13.3579348792365,26.6154826518287,16.7434980922473,18.82050430631,14.3813937502936,25.5466616560295,20.9940514016261,8.78332551565331,16.35389117575,6.28138047896483,24.9202930271647,29.7158873290924,12.6206405480547,12.010057634316,16.0387736596946,6.68512986484287,4.01062718516869,5.63281627086975,7.20092630727994,5.70131428179596,19.5709717904246,34.0195216612807,7.49076477166115,7.77712595165309,4.72694958941427,0.220967401329092,22.1934728885113,1.36038771462421,3.77945181118993,3.80148523255552,16.0989539391116,13.7862257050602,31.6564467392166,0.0,0.0,6.46562682739016,17.6092653655411,19.7785163210564,5.73081030684741,6.84986749060772,10.1727388517099,6.90027516729596,15.5145972234358,2.18005674126848,1.54259796456264,1.4084428603725,16.2172960224711,11.409831959096,3.03303635974048,5.17012897711038,6.74826364238823,22.243485758955,21.3762252097612,6.15712856874173,16.6870768270346,12.8948098830766,11.5343676757122,15.6515531691012,8.65460766005731,16.1050254409324,30.1700910712504,19.7417105617195,17.028276618924,0.0,0.0,22.7718614348328,39.7032684180234,6.12681594687336,2.02798358796361,6.90952136434584,5.0578886772893,11.0274601351741,5.15324287329948,18.7175190152578,6.81212857087497,24.5273042512832,22.5887276741864,1.97310528873676,0.0,23.2436586971451,13.5909546774062,20.6528884623582,19.4355353901345,11.4923993024919,30.4678997911691,14.759220334672,5.51940950857066,15.0459737608902,0.0,19.5608149718856,1.52256199799783,2.5897482381923,15.9011997094752,7.50799656519413,23.103762322456,14.5132230114549,30.3166613993906,5.30509378046279,22.2397079230452,13.4730092496963,9.44891197674202,8.3549169093361,17.792893017512,14.4096611986201,19.7586669199479,16.3044062721355,14.6173741902763,19.2565065388061,7.18206787184397,30.3858091767384,0.0,15.8381078675008,0.0,17.7788115132605,27.9323541203889,18.1775601338021,103.073506568288,15.147185533599,7.56452189616587,7.60394766149487,7.79711158841635,5.36027504658961,16.3566650099782,20.1418599846129,0.0,55.5402059560656,1.09015183086858,0.630687747495232,2.5809058140064,20.6801692848887,20.009066874697,5.47035882752548,13.0507861008015,5.35983304370169,9.90405948748631,29.2850911660253,63.7772341104058,3.58026326762429,2596.76827621375,2974.99127457864,11185.1002626121,17.420971506141,37.8557926963584,26.1882492366656,9.76486061411903,5.17958509392647,4.46670158256931,7.90457885497176,8.25277987838298,16.1409332041778,5.91178984393139,9.46788345769933,16.4387881438222,5.05158907022883,8.61959977404259,6.94545696947988,9.45466401509662,8.78849870105995,4.91451700419695,8.5306145702841,3.2485088748345,2.01707207012127,4.06631509664603,10.9335361944318
T01D3.6,8.00315358977901,0.0,0.0,2.67454177173776,5.21565841025264,0.0,7.22558552876488,0.0,0.0,0.0,2.01146886786913,4.3999757542009,31.1179538554623,0.0,17.626735807392,0.0,3.37546936291296,0.0,11.1754476326615,1.35435725116248,0.0,7.32738930566959,8.87795078205219,0.0,3.8492090705652,0.0,0.0,5.44856914879879,0.0,17.4103726642031,2.6218887893679,8.97613146317431,10.5673009014948,5.3793055259467,6.24774998445216,14.241768283555,5.81020806974109,8.29869728743003,3.78221874068511,4.27731803150938,32.9381488449576,0.0,0.0,0.0,2.4084556043779,1.51681344649167,2.46161612125777,3.03424171404102,6.86012438138717,0.0,27.6130385373834,4.59018246844351,2.89249873980314,6.02983778407014,2.16373493853817,10.1498402219482,35.4280655714243,5.25488968838602,3.02134913258659,7.68215473309051,0.0,0.0,0.0,0.0,0.0,0.0,0.0,0.0,0.0,0.0,0.0,18.8185625438468,84.4023107952454,544.319869497004,12.076690574371,99.0767369068207,0.0,0.0,8.25158896899458,0.0,0.0,0.0,10.3253307956575,6.57257244222873,0.605474659970366,2.85750173811731,0.66700747405142,0.0,0.0,4.83129376874017,12.209916894626,6.43881649681205,0.0,0.0,0.0,9.61847781018615,0.0,0.0,0.0,2.9978788191991,0.0,0.0,6.97949327882743,0.0,0.0,0.0,0.300206326853077,0.0,0.0,3.96069042911301,0.0,3.55498407124789,0.0,0.0,0.0,0.0,0.0,0.0,0.0,10.8214159545075,4.30069975417528,0.0,11.0068555387481,5.61595669238275,0.0,0.0,0.726962080903129,0.0,0.0,26.2954260273738,1.36405695924471,4.42409591352722,3.69894873062645,2.51907330926527,15.8117780444349,7.2800388753311,0.0,2.22690147542747,0.40656497197666,0.0691124664534028,0.0,1.28176909739487,0.786712589506898,0.111842080907761,2.01568082533165,0.0,0.0,0.0,0.0,4.03913202547055,11.1225658347419,4.29516343562493,19.9224918627553,2.06405301198923,1.0887648672461,3.61153675050413,4.88830958105321,0.0,0.0,1.80771776965346,20.520384897596,0.0,13.6347506725544,4.47069818686184,0.0,17.9667066624568,0.0,0.0,6.43821472885074,4.91660524386035,18.3395746509405,0.0,3.79103731478489,0.967691546095875,3.38492640930398,3.8678662326658,2.15072020495974,0.0,8.22855747788431,0.709844612585732
T03D3.5,0.0,6.9123042784316,0.0,0.0,0.0,0.207906236982393,0.302572667852304,0.0,0.0,17.8150484473636,3.70814548505041,0.0,0.0,3.85875312281674,1.96520426559559,0.0,0.905044116982472,13.5450801240217,0.0,3.7361728486769,0.438929217305503,0.0,0.0,0.0,2.12824552981727,0.334963347299196,5.71531861553729,0.0,0.0,4.03979935382305,0.503351623937693,9.52870269105993,1.09139107430693,4.845455885097,15.2322625515712,1.72594426494608,0.0,0.0,3.16845585681322,3.89239496070632,2.31941926109537,21.129070625333,4.67353115169586,18.029834344733,3.08560278010516,2.41914725334502,0.129652251514276,4.097092888079,0.0,0.0,0.0,9.22698088698237,6.29051046988621,3.13790105852841,1.21749330181774,1.79801153839956,2.34414547841205,4.09083920003444,2.5711105289871,10.7999752620363,0.0,3.62198046172276,0.0,8.36791275088249,13.9401246083267,0.0,0.0,0.0,0.0,0.0,1.18521053626153,0.0,2.56401154765198,4.78771604346892,1.9212805557119,4.07635666803951,1.63912423702695,1.45859070836122,2.9157774991318,0.0,0.0,0.0,0.0,2.40428722496479,0.18095305645484,18.9715380851926,17.1386321793395,0.0,0.0,0.9584306345489,19.196205178511,0.0,0.0,7.31274793354754,0.0,3.89813444868217,1.04994422296945,0.0,1.45273019216761,3.18293195154231,0.0,4.8728047812769,0.0,0.0,1.24663820654617,0.0,2.32777481855006,7.20834258864206,3.29740542201478,0.0,8.84920035183929,2.44952952368939,0.969373061026945,0.0,0.411262180833107,6.83363548629633,0.234059641271798,7.99064329098094,9.82177938906683,1.87378154006804,0.0,0.904151433194031,5.93482374000497,0.0,1.87897929564119,2.67076560428064,0.0,0.0,0.0,1.22342792754197,3.05453028010655,2.66129994440431,1.83799714984078,0.781674868766581,1.24281515337639,1.40942738775774,0.0,1.65904809162584,2.77802475358307,1.97421432227142,0.0,1.71568181656499,0.338187578525391,0.447841801027212,23.3786433390946,0.0,0.0,0.0,0.0,5.73630070229069,1.37334022123228,4.70557329782571,3.0665105060142,1.67307903607565,1.45997872825614e-15,0.766433570853812,1.03781715911205,3.19002450453846,0.0,1.66727371775673,0.0,42.0695943490494,4.62337366056889,2.45066578678096,1.57175762064983,0.0,3.28395224559214,0.0,2.98131152783738,4.50230347260116,3.76503668071912,1.18683312406377,4.25555396886237,0.105138186010177,5.16942423236409,6.85077983846755,5.61089705535095,0.0,1.14340962852667,7.15960463011489
T06E4.12,24.3728505615359,8.11590872123589,0.0,1.30412399403499,0.0,40.5898559901176,0.0,4.03268620816777,3.72629442381518,22.4262144652631,7.71314316205672,0.0,9.87815104508068,4.40667106879413,9.42983879188685,54.2056991028825,10.9783851031674,10.2842505119395,19.7037333868579,12.0473339285049,2.49385451058134,8.62108748798551,0.0,9.28583115053786,4.71351542436871,6.056937979699,0.009621999560613,0.0,19.0821668441894,0.0,41.642649378238,20.3548829952741,1.12635350525027,3.9282799898797,11.4458447242269,9417.32925310476,14.0564048462146,11.4368156644235,3.56488343501877,3.83502101985147,34.5238972557501,0.0,0.0,62.1590761780472,5.0093131794913,1.12343767846581,22.7691493564029,15.0388235703293,0.0,0.0,17.5191807881898,10.636571545572,28.2377220148557,0.0038045506482434,17.4652895790298,2.3041466606012,44.5050826493883,12.9255228631962,18.58122049422,1.69683639842274,8.79994286807548,1.02925735896406,7.47331835283934,6.88970531084616,3.81754884188106,0.0,0.0,0.0,0.0,5.49421724991186,8.46053034292715,0.0,31.1568746918154,14.0578595301955,18.6441920131515,2.84823556344462,0.0,60.0789941062801,8.56844141934474,13.3855379287188,0.0,0.0,0.0,5.94424277154882,0.483038869103756,4.54800009877001,1.6342811628364,0.0,44.384586233638,52.9909286268671,9.55621725166169,18.6650114139596,0.0,26.9101595802132,0.0,6.40001571841787,14.8139508640489,0.0,0.0,0.0,0.0,0.0,3.48304616142855,0.0,16.9522289664337,0.0,34.7909979503928,0.8448645151649,9.47902792408336,17.8290045492446,16.0615047346607,14.7163036615706,0.0,38.4921653995991,0.0,0.0,9.4383123697447,28.4246429610741,0.0,11.6082940879804,4.02650300111413,0.0,0.0,32.6728841427184,0.0,8.05450976740072,22.3406513915214,6.97833364322823,0.0,54.594769676595,3.22716867626189,2.30620979746624,2.32667910436084,7.30348505993045,40.6971325370605,19.3082828166509,0.0,0.0094535202875363,1.06017250916607,0.0012601897007826,0.0,7.06817131112034,0.333747509956788,0.0900834092797983,0.0,32.7331043876203,0.0,0.0,0.0,3.13797066434255,7.92031395790464,6.54636731225424,0.584618018945414,0.238527225310138,15.460528567685,6.03858528813124,4.05697991651142,19.4000402550076,0.0,5.16525333886559,13.4438803257674,0.0,4.06333156438327,20.8660894897239,14.7108929948656,53.6781460256638,0.0,48.0692941780526,13.5943831934079,7.75092765657399,42.1735913775428,11.2780387405043,19.6202723248978,7.86288582187059,3.65781057199632,3.25068218994489,3.10742593782981,0.470455589577744,6.84881079139644,0.0
T08B2.11,0.0,7.40519702605436,1.02484050528177,3.76025133344913,0.287190649263586,15.0948938055732,6.57806095181715,0.750011738926351,0.0,5.23480256377058,5.09223658476298,0.0,13.4325623852068,11.7222792958668,5.26956371407449,6.45350460235082,5.24652047479943,0.0,11.4406247634323,6.77970380572246,5.9494340776144,3.50705037788354,5.86221384304896,0.0,0.0,6.68715072446146,5.41997350574783,4.24171951630639,5.36133666362975,0.0,7.31737198964107,9.26622447336136,7.29665715555412,1.79079487480524,45.8594349896093,7.48191954446806,7.99446617175984,8.05820410371332,2.02667113865572,6.58818471940512,6.21470348075847,0.0,16.8897669683178,0.0,9.25049756038086,0.118899207722436,2.17618789770092,11.5479999194514,14.1082505374309,0.0,0.0,18.8082474586894,2.59412329689964,0.337601423537427,13.4448225794001,11.390408681189,10.5789393087275,13.2817741314971,7.64587559319397,8.49990812066271,11.9539079938932,7.72576909379372,0.0,3.05228790139015,10.6932400367354,0.980873783188258,13.6580259449617,1.31351403188643,0.0,7.15786893399699,0.0,3.70626813579104,12.6332431861124,3.27894040777017,8.54964859494828,5.98192194125489,0.0,0.0,25.2887291324592,0.0,1.91411870021382,15.1040844180903,12.9305256703456,1.10469032530002e-05,74.2505977424223,39.1579391246571,28.0822071615795,54.1888504396746,13.6117549236589,23.5701906615496,18.8666297102711,0.0,21.0875585758595,2.31235829123366,0.0,6.36097789725074,0.3485222853268,12.6330960059927,9.00466420551868,0.462531679393914,0.0,18.2812311258733,4.66940057272351,6.14377411479998,0.0,4.57487858107707,0.0,5.64556714274458,6.40823752750902,11.2765401039296,13.0471398612431,4.20478405237668,3.72374531596399,4.61582315570912,7.31268292968869,7.10221262890752,5.46147526554842,0.0,0.0,3.64453189161171,3.87379014707781,2.06037034856567,4.33987806892231,4.03475012652288,2.62178709388071,4.80331746365574,12.5947032725703,13.827087913406,0.0,0.0,7.62248670413392,3.2048871545756,6.54335314586591,6.70553502375805,4.13188170689352,1.99265670558982,0.0,7.49936268560582e-14,4.693618957007e-09,8.78970420689636e-09,0.0,2.74439462785195,208.908680806771,115.139671473069,35.777787389466,4.26099667303413,0.0,0.0,23.813368946238,6.23602379811538,0.0971915148210987,5.1682124220218704e-14,1.40143177701403,6.39212460040089e-05,0.982851139311989,6.36274890130636e-10,1.48253128079729,7.9064254202021,0.993842651808934,3.67125551801012,13.2881610426408,6.59976942231317,5.95639508302748,0.214396491436102,4.13606728431025e-05,0.0,9.26984825625308,1.96388639153892,10.8876999956059,11.8153577093396,8.95458630147514,0.0,4.37747289704223,2.53796606475205e-05,14.0771470590391,9.2857551781402,8.33454355826456,5.74433728260213,0.90414502253537,0.0
T10D4.6,10.5620975538474,5.36608976590678,26.0691584344842,15.6237447391526,15.1092151860963,3.61382956744932,3.28163587933635,0.0,18.6443543868611,14.6763843230075,23.5296913974713,0.0,24.5048019013186,5.07171675756831,38.0291430675801,13.0830066657019,1.26293805950244,17.1109311539218,8.24181101178057,9.32523344604585,22.3580222825176,22.0049353614383,6.09317273171103,8.47379101169918,4.41770188038964,11.1042323845726,19.7323249230468,22.7845574414741,0.0,3.20763891136177,10.4102005019806,6.47575264261972,5.58640880789861,0.538430450484656,12.0538263134986,4.73497483054114,2.68215344393183,7.85556214752373,1.8225972747431,4.28863736381211,18.1013237860379,0.0,23.2459321937572,0.0,11.5905173102449,4.76241652696596,30.897237437414,15.9022661132943,0.0,0.0,31.8301781635922,3.8699412560882,36.241135839743,23.2478334579898,11.9515609301904,13.7302165377225,31.1722141695076,7.5289498390655,8.21565816033576,5.77557862517132,16.2693916632003,21.7506471870517,0.0,19.7236665814761,1.03513804997448,11.0781801490043,0.0,0.0,0.0,41.0008997492304,0.0,3.45724182304238,99.2579558541768,144.52747691976,3.23115666576922,139.303778623523,41.8743265325609,0.0,26.8576725963165,27.9299890620708,0.0,17.6391622650177,0.0,3.59552771470168,0.318696874357271,7.11936920354237,3.08141540331846,0.0,0.0,13.7353671581982,25.5501166105966,0.0,55.6931987312976,10.4933977932472,0.0,10.0959765971598,6.75162327806967,0.0,19.4044533402704,26.5641091971595,42.9530098175351,0.0,0.0,0.0,0.0,0.0,2.80507520664773,16.1178880301419,14.4703209693975,31.7084864469782,9.84141094664104,6.27516557681097,8.28910106357802,9.92319082499836,10.4733992933506,0.0,35.6843076640374,36.5233206666729,16.1122601464201,10.8011232259333,12.4326999707929,19.2886230034916,0.0,32.436046790952,14.657095833782,12.0578957369186,0.849927581867268,0.0,182.256752983587,0.0,11.5335741474655,7.36989730278225,9.63592796629111,9.13537542269777,2.99272751701888,8.18717110436049,0.0,21.6237424154418,5.67741720263631,3.90511669878746,22.9348275561878,13.1153919858549,0.715231474803838,0.982600377765602,1.59850199236324,52.5815097055362,0.0,10.3098338851193,0.0,1.68215524200188,0.0,34.5196847376228,2.2578920548613,6.53671279786499,2.13719464674915,9.67299411918978,8.62789474933167,11.4278195043816,102.607049584265,18.1155501973645,9.03420605278082,23.6576785851778,3.46100164055507,8.00198265449179,12.7507038639412,0.0,2.45335095227613,6.3632857927252,13.2868079241409,6.01559832696951,2.52505578650995,18.9426243723933,8.43468180513835,6.0206911186235,4.35865224735156,4.43588212912071,6.16119599828503,6.14433353995433,16.6452172023451,14.9343321848031
T19C9.8,0.0,0.0,0.0,0.0,0.0,0.0,0.0,0.0,0.0,0.0,0.533216156934483,5.20421927550254,0.0,0.0,0.0,0.0,0.0,0.0,0.0,0.0,0.0,0.0,0.0,3.66131600042565,0.0,0.0,0.0,0.0,0.0,7.53993976575526,0.0,2.0625002609619,0.0,0.0,0.713153332758726,0.0,0.0,0.0,0.548383772784971,0.183938068402723,4.25562511686494,0.0,0.0,0.0,2.99381901292776,0.071035230639059,0.0,0.0,6.33905621998592,0.0,0.0,0.493093112460258,2.89619451705606,0.0,0.803962353904333,0.0,4.04875625570107,0.0,0.0,1.675825526568,0.0,0.0,0.0,0.0,0.0,0.0,0.0,0.0,0.0,0.0,0.0,0.0,12.894670292258,0.970416688268989,13.8657731926915,3.27312500966794,0.0,0.0,0.0,0.0,0.0,0.0,0.0,1.68490000235742,0.022392208591317,0.524867651834311,0.0588135521261644,0.0,0.0,0.0,0.347401324776582,0.0,0.0,0.0,0.0,0.0,0.0,0.0,0.0,0.0,0.0,0.0,0.0,0.0,0.0,0.0,0.0,0.0,0.0,0.0,0.0,0.0,0.0,0.0,0.0,0.0,0.0,0.0,0.0,0.0,0.0,0.0,0.0,0.0,0.0,0.0,0.0,0.0,0.0,0.0,0.0,0.0,0.0,0.0,2.021604585215,3.25216364759392,0.0,0.557406208781374,0.0,0.0,0.0,0.0,8.07158931596296e-16,5.382104292056371e-15,0.0,0.0,0.0,0.0,0.0,0.0,0.0,0.0,0.0,0.0,4.03257581990411,0.0,0.0,0.0,0.0,0.608783438703152,0.0,0.0,1.98787182028257,0.587431661872968,0.0,0.0,5.06922640888073,0.0,0.0,0.103082607599299,3.54544953081133,0.0,0.670695754341844,5.25405682218119,0.0,0.669019641505489,0.237752084197843,0.0,0.0,0.0
T23F6.5,0.0,0.0,11.4762500000312,0.0,0.0,0.0,0.0,0.0,0.0,0.0,0.0,0.0,0.0,0.0,0.0,0.0,0.0,0.0,0.0,0.0,0.0,0.0,0.0,0.0,0.0,0.0,0.0,0.0,0.0,0.0,0.0,0.615358539323049,8.30692081950961,0.0,0.0,0.0,0.0,0.0,2.21497746959764,0.401642906573085,2.34079012445166,0.0,0.0,37.3328143065382,0.0,0.0,0.0,3.16461874520997,0.0,0.0,0.0,0.0,0.0,0.0,0.0,0.0,0.0,0.0,0.0,5.47040217082141,6.42358657464051,0.0,0.0,0.0,0.0,0.0,0.0,0.0,0.0,0.0,0.0,0.0,0.0115851537822219,0.0,0.0,0.360785593172958,0.0,0.0,0.0,0.0,0.0,0.0,0.0,0.0,0.0444951141818764,0.122202964151344,0.0203564162342539,0.0,0.0,0.0,0.0,0.0,0.0,0.0,0.0,0.0,0.0,0.0,0.0,0.0,0.0,0.0,0.0,0.0,0.0,0.0,0.0,0.0,0.0,0.0,0.0,0.0,0.0,0.0,0.0,0.0,0.0,0.0,0.0,0.0,0.0,0.0,0.0,0.0,0.0,0.0,0.0,0.0,0.0,0.0,0.0,0.0,0.0,0.0,22.9734661319093,1.12181745871549,0.0,0.0,0.0,0.0,0.0,0.0,0.0661452203220782,0.380391988323104,0.0,0.0,0.0,0.0,0.0,0.0,0.0,0.0,0.0,0.0,0.0,0.0,0.0,0.0,0.0,0.0,0.0,0.0,0.0,0.687193665747025,0.0,0.0,0.446350636855713,0.0,0.0,0.142425726461484,0.0,0.0,0.0,0.0,0.0,0.432389594581297,0.0,0.0,0.0,0.0
W09B7.2,0.0,0.0,0.0,0.0,0.0,0.0,0.0,0.0,0.0,0.0,0.0,0.0,0.0,0.0,0.0,0.0,0.0,0.0,0.0,0.0,0.0,0.0,0.0,0.0,0.0,0.0,0.0,0.0,0.0,0.0,0.0,0.0,0.0,0.0,0.0,0.0,0.0,0.0,0.0,0.0,0.0,0.0,0.0,0.0,0.0,0.0,0.0,0.0,0.0,0.0,0.0,0.0,0.0,0.0,0.0,0.0,0.0,0.0,0.0,0.0,0.0,0.0,0.0,0.0,0.0,0.0,0.0,0.0,0.0,0.0,0.0,0.0,0.0,0.0,0.0,0.0,0.0,0.0,0.0,0.0,0.0,0.0,0.0,0.0,0.0,0.0,0.0,0.0,0.0,0.0,0.0,0.0,0.0,0.0,0.0,0.0,0.0,0.0,0.0,0.0,0.0,0.0,0.0,0.0,0.0,0.0,0.0,0.0,0.0,0.0,0.0,0.0,0.0,0.0,0.0,0.0,0.0,0.0,0.0,0.0,0.0,0.0,0.0,0.0,0.0,0.0,0.0,0.0,0.0,0.0,0.0,0.0,0.0,0.0,0.0,0.0,0.0,0.0,0.0,0.0,0.0,0.0,0.0,0.0,0.0,0.0,0.0,0.0,0.0,0.0,0.0,0.0,0.0,0.0,0.0,0.0,0.0,0.0,0.0,0.0,0.0,0.0,0.0,0.0,0.0,0.0,0.0,0.0,0.0,0.0,0.0,0.0,0.0,0.0,0.0,0.0,0.0,0.0,0.0,0.0
Y53F4B.21,4.43508258255764,0.0,23.3062402911253,6.60855905079298,3.67313811099063,0.0,7.33373957718671,0.0,0.0,0.0,0.972773653335707,13.2802211008898,10.7528734905864,9.60690452890672,16.4382272591836,0.0,4.02114105853289,2.6807179920185,3.15713472913258,1.41909175925666,3.56416029989542,3.46794672277677,0.0,0.892646038352056,6.46659309600444,0.841288837421293,0.468437078020163,0.0,5.40031808238787,17.5914775844942,1.96231300354426,9.9918018896915,0.0,0.0,42.9022783750076,2.81671895975114,3.64423455640938,0.652354233526604,2.05309474282731,4.16393967164969,5.81466698271338,55.0783528361396,0.674806125972507,0.0,15.2124563434142,2.50425855898147,3.94755896194973,6.8301922462551,0.0,21.4514231656956,0.0,5.83408186750542,13.5837007979188,10.7915517924128,19.9012072633834,6.32753704700697,51.5274355302263,0.0,6.22460872105045,10.9917080345243,5.30100808472049,9.30931542074038,45.0534318727726,7.32788079478441,4.00100010814215,2.81163146674786,9.24497615131811,0.0,12.5974572665749,6.43587938143699,13.9523140739227,5.20337816567225,124.022471004336,93.9013972895233,5.39139912923048,63.7206605505134,0.0,0.0,3.93932388736238,0.0,43.1915730360819,14.8296440518563,14.1848380204373,2.14979564444904,0.205612760980166,21.3271605525704,10.810637506473,0.0,14.8812138066594,2.83998255742493,20.5506553600299,17.6973698209216,0.0,6.12558292937181,50.6137936026036,0.992597931604882,8.96273855476306,0.0,0.0,12.6528981924118,0.0,0.0,0.0,0.0,4.67404305079512,0.0,0.308392828962502,17.5496451879616,18.2914067108116,22.5261701668057,1.5675439667665,5.76479691484788,12.431681845347,1.31708023925148,0.0,11.6721670063728,13.9980429353462,11.1961618227561,0.0,4.12383097666341,1.67224224329491,6.02817718880281,0.0,0.0,0.0,5.85028160559522,26.1455415433328,0.0,111.374863579851,0.0,2.13497119001181,4.50269024068208,4.8101110310146,5.09274614550913,11.8463462570968,3.56695170726242,0.0,7.01485620395913,1.51499703235891,1.28489240193788,0.0,1.74948514916379,0.226931921561742,0.263634876094446,10.8446737800519,1.96824575241361,0.0,13.5846976484526,15.5815192286385,3.31623237510397,1.61686348801739,24.7076611417017,0.0,0.963853525072718,4.00127361618032,3.79438294400255,0.959703348791033,8.10836581346926,0.0,2.59484769357462,1.44820264783346,0.0,1.70460933552987,6.51161592812411,4.34896653762946,0.0,9.6790126881544,1.80196594176456,0.0,5.34382337424641,4.45738059102404,10.1342072755639,5.26469846450618,6.20371302502208,7.1826240332633,4.15387183538315,5.15660744793578,0.0,11.9185802099893,1.85633349385447
Y59C2A.3,6.61542557156639,13.2531918696858,28.1709996172667,14.4249260257694,1.97319728685947,14.2193477035733,24.2019871429856,0.0,20.491445232179,50.1202073979915,41.7451476455389,4.29356841417159,2.69209210148203,8.37540885537248,22.3900076890272,10.695090910454,17.2095897487002,16.4527144301737,23.1493750545524,10.0303729256664,28.4327307170505,24.0432482165707,0.0,8.48922600883739,59.2102597827046,23.3502896617364,10.5767024481768,29.5931282663154,11.1699559506277,26.714868332182,23.6276362788692,9.44451962370177,3.88333787320987,2.5678935527087,13.1136006703584,9.86618418476222,6.73543640721279,13.4610429573574,4.67911121195253,5.42508435067146,30.8156639871881,50.2072690941183,30.5476618812202,11.7881626631153,5.43560628989867,11.2940508444417,33.7055293279432,45.1060747871535,36.4455407394564,12.8678968300811,71.1038404863382,6.99035985130402,25.0065750798914,8.56205675641012,171.678782054775,9.24299079457456,12.3981222409368,3.96192408874255,35.8796860538594,15.1507705360849,8.77200412873486,15.9762913704842,39.2981321073144,30.4001051756492,6.2405713338919,16.818135997312,32.538760102215,0.0,36.6892723385207,23.9740996388348,0.0,42.3294749689157,57.6290846007321,38.9787056494895,3.39497795465072,46.2008620131944,29.7319214698109,22.0712889301531,7.32881360280645,64.6644974129095,0.0,8.52347876113771,22.9229071286499,10.3988875903132,0.15191844375463,11.3153330136318,10.5154484426941,0.0,0.0,36.8632694023776,26.2064429732288,0.0,0.0,39.7457797739201,0.0,23.8732351158804,25.9275290292615,37.641781797128,23.7450751589269,22.5460415082615,87.8157692181774,23.886174504422,25.0581353677004,18.2872568121034,0.0,31.1506855407376,37.7832175215145,22.6620555297189,27.2626634718518,46.210642761985,22.6694503577026,11.7027060273986,0.0,0.0,20.1459599743749,20.3532873057884,67.4534822403933,62.9896454235246,0.0,15.1962020262838,40.4280077161905,26.7838112046428,62.8916715070803,10.9275140803375,0.0,27.5893803464479,12.6662360839912,9.14770372416122,0.0,0.0,24.4692428145891,34.3056172229537,29.9337110209152,46.7717624494394,2.45296134568671,4.32858234130066,0.0,22.2398528958447,6.83262108440847,6.12117154048672,14.9667053393521,18.0747082616436,0.647033649568452,0.461947971523337,5.72099843599402,55.9420411130708,48.4075593885316,37.4149236225267,26.7171171119597,4.89725906551826,8.48224938546259,44.4020509696557,3.20814200244401,14.4231765585232,3.61062782250744,10.9003868699653,5.7897194457906,34.9526882628212,20.7955737617059,36.2136524883031,0.385987110115957,0.0,5.37106818434752,10.0532863356338,24.2573247284832,0.0,5.90008869194465,13.3677690998585,5.03604543337936,6.37576309426566,7.39882508395012,14.9961699886826,10.1336243075828,5.57376178925641,5.2434920539492,6.80622842720607,7.22889439520265,2.47264502311627,22.4975263853909,23.8553980823077
Y75B8A.28,0.0,5.16071685168971,0.0,0.0,0.0,0.0,0.0,0.0,0.0,0.0,1.49872457112164,0.0,5.28122894293119,0.0,0.0,0.0,0.0,0.0,0.0,0.263497895665759,0.0,0.0,0.0,0.0,0.0,6.14011899808261,7.39422053262141,0.0,2.66840231160379,9.47469870594513,0.0,3.86095621881912,4.26433947371524,0.0,1.47309915272013,1.59902471356475,0.0,0.0,1.51979775464034,0.936610509962154,6.88711308668339,0.0,4.07721661827324,0.0,1.38683354697862,0.601648606383824,3.5113594414904,4.45026980460706,0.0,0.0,0.0,0.689604138360038,0.0,0.0,0.0,3.25133434447318,1.36095617297002,0.0,8.79502035022255,0.0,0.0,0.0,0.0,0.0,0.0,0.0,0.0,0.0,0.0,0.0,0.0,1.72519624197549,71.7372838779377,102.908333741235,10.8106329793752,36.8737269925332,0.0,0.0,0.0,0.0,0.0,0.0,0.0,3.83444645959765,0.0084399220813696,0.257594316387422,0.160008897364245,0.0,0.0,0.0,1.54433518619449,0.0,0.0,0.0,0.0,0.0,0.0,0.0,0.0,8.22788590083477,0.0,0.0,0.0,0.0,0.0,0.0,5.48479064507968,0.0,0.0,0.0,0.0,0.0,0.0,0.0,0.0,0.0,0.0,0.0,0.0,0.0,0.0,0.0,11.413103033615,0.0,0.0,0.0,0.0,0.0,0.0,0.0,0.747234362096471,0.0,0.0,0.0,3.03493781506927,0.0,0.0,0.0,0.0464479099592906,0.362415161961016,0.0,0.0,0.0,2.77506156976913e-13,0.0,0.0,0.0,0.0,0.0,1.45038677709291,0.0,0.0,0.0,0.0,0.0,0.900022022056208,5.73475159424913e-14,0.0,0.0,0.632430207459579,0.0,0.0,3.26973511163315,0.660309435690846,1.84254933308463,0.0,2.66245259290733,0.0,0.0,2.23325754882121,1.13425045551669,6.77769706934684,0.815033452380711,6.07663783646341,1.01471735765034,1.11167720475187,0.820596919151262,0.0,0.0,0.0
ZC317.7,8.70002717479946,9.89118724898682e-15,0.0,5.6130612038074403e-14,0.0,0.0,0.0,0.0,0.0,0.0,7.31265496730943e-15,0.0,0.0,0.0,0.209662776590859,0.0,0.0,0.0,1.96851622424389e-13,0.0,0.0,0.0,0.0,0.0,2.52617630569195e-13,0.0,0.386654188068913,0.0,0.0,0.0,0.0,0.393323208275652,0.0,0.0,5.61853125899026,0.988666029392307,0.0,0.0,0.0,0.639752561483692,0.245998717091321,0.0,1.72754341894684e-14,0.0,0.705801660929759,1.71827308777333e-15,0.0,4.3344526341138406e-15,0.0,0.0,0.0,3.6264653119774,0.359749434023756,0.496812155107191,0.0,0.0,1.76502387861605,4.74710372724449,0.0,0.0,0.0,0.0,0.0,0.0,5.68511508365123,0.0,0.0,0.0,0.0,0.0,0.0,0.0,0.674169969845184,1.48541749998935,0.214247993581394,0.704917965998236,0.0,0.0,0.0,0.0,0.0,0.0,0.0,0.0,0.0857089096853527,4.42049685945497,3.28934698926572,0.0,0.0,0.0,4.95695517359621,0.0,0.0,0.0,0.0,0.0,0.0,0.0,0.0,0.0,0.0,0.0,0.0,0.0,0.0,0.0,0.0,0.0,8.29062326361677,0.0,0.0,0.0,0.0,0.0,0.0,0.0,0.0,0.0,0.0,0.0,0.0,0.0,1.59276811172053e-13,0.0,0.0,0.0,0.0,0.0,0.0,0.0,0.0,8.388099747278421e-15,7.87897177038974e-14,0.0,0.0,0.0,7.23699551379911,0.0,0.0,0.0433253559635974,0.0,0.0,0.315402002033384,0.452317090705459,40.309921634465,0.0,0.0,0.0,0.0,0.0,0.0,0.0,0.0,0.0,2.5830077935327e-14,0.0,0.0,0.0,0.0,0.065620834907768,0.0,0.0,2.3181697414018,0.0500877105708903,0.0,0.0,0.890266355079575,0.0,0.0,0.956909475922763,0.0958888941256884,0.0,0.0605627060889472,0.0,0.713011803072364,0.320581844662411,0.9641230131931,0.0,0.0,0.0
acs-2,0.0,0.0,0.0,17.500703490535,7.90669886200513,7.01403710021492,6.69433430967749,0.0,0.0,19.6698338698229,393.380955940826,11.8078572995609,39.724246582462,5.19801318424643,10.726637850708,0.0,0.0,0.0,117.663559204885,6.13486537492659,1.7073210086909,338.234088225548,0.0,38.3593300092737,5.78529869479756,5.59620404655999,0.0,8.34522379764624,0.0,32.9934379445964,5.47459744109768,7.58143735062831,13.1465282125973,7.41351703900729,6.36519113516298,5.45724580855218,12.9886076303611,6.06015695789268,22.5454009592272,23.260977143088,82.8129613972539,0.0,0.0,23.0224223406442,6.41431748224943,0.856207629873123,286.418837413875,178.647128622465,0.0,15.7294595543248,0.0,3.44943449262657,52.6640681720307,1.14745687291151,19.3853805478793,23.5359374376393,20.6866900197511,3.49318419728239,3.58646452002623,1.85907498788335,10.0063127531054,0.0,0.0,9.6403073994877,8.30801773929859,31.2926952741417,0.0,0.0,0.0,0.0,0.0,0.0,62.0983249588599,10.9077622964736,7.34360426763957,4.16118329276146,167.394442812734,0.0,8.47950340433562,0.0,0.0,0.0,0.0,8.62464623133448,0.431243510674917,3.0758697726616,2.36269185841362,0.0,0.0,0.0,5.32332380260897,0.0,210.490725490516,6.15538093056986,143.472021642198,3.30927711961866,10.4218253462097,0.0,0.0,0.0,68.8988283665301,15.3052361924957,0.0,0.0,30.0207972080894,0.0,6.58962341130062,5.05578276285431,3.55779365618525,0.0,2.82495073336205,12.8821326059352,26.6471891249032,30.2359420550736,0.0,0.0,0.0,0.0,0.0,0.0,13.7534860250153,23.4956318345976,0.0,0.0,16.7508435222838,13.8636524078846,0.0,32.7919066516775,118.572220789051,0.0,8.43074168538136,3.1396708877429,4.4172597094607,6.34819993733124,8.92324209585557,1.82621945708317,60.9779744435182,1.7679746348179,0.0712662051654895,0.318087631789411,1.02028969153831,2.20629776031256,0.256608647553959,0.410473992181663,0.0,0.0,0.0,0.0,0.0,6.38462897087895,0.0,0.621253949776339,1.66743892820962,0.841564087109334,1.70383402126247,13.3122154043459,0.169024826733137,0.0,0.0,28.2671526743007,4.23804964613998,0.0,7.1719740780269,6.05295300842558,0.0,0.0,3.03568211787705,0.0,0.0,5.07045824964988,3.82614533618554,20.6222799757341,2.79121197101151,0.0,5.75169105978188,2.69140307988862,3.96868775366829,47.2170637834817,0.607653616287835,0.0
cat-1,237.02016766971,0.0,0.0,0.0,0.0,12.7457366115002,0.0,8.10383719161134,0.0,0.0,0.0,0.0,24.9277983437388,0.0,69.833951284615,0.0,0.0,0.0,0.0,0.0,0.0,0.0,0.0,10.1664810024003,0.0,0.0,8.95691589660657,98.0910611679159,0.0,0.0,0.0,0.0,0.0,0.0,0.256425997114084,0.779703902693389,2.9012565722626,0.0,0.0,0.134448810586275,4.16843803722385,154.379747207744,482.7795482183,0.701083467461622,1.28113014543618,0.599685871888165,9.64202127777664,6.50735244217349,0.0,41.7714880519759,0.0,0.180460493960698,0.0,0.282427752742205,10.8818705147134,0.133668518304171,0.0,0.151755787936943,0.0,2.36096525818816,0.0,0.0,0.0,581.272214090378,0.0410192167629893,0.0,0.0,0.0,0.0,0.0,0.0,0.0,0.672552357566597,0.0,0.978562511147706,0.25320783193352,0.0,0.0,30.555699916928,0.0,35.1074271638562,19.3221343570745,0.0,1.70864120463708,0.093750702078929,0.0846750263679761,0.0590250678477814,1948.58395968212,0.0,0.0,0.212407852091833,0.0,0.0,0.0,0.0,1.39251352645344,0.0,0.0,0.0,0.0,0.0,0.0,0.0,0.0,0.0,7.41155127720414,0.0,0.322889131756007,0.0,0.0,423.938111290063,0.0,0.0,0.0,140.420599011484,1907.2684995809,0.0,187.626429297579,0.0,0.0,0.0,5.60849923133174,0.0,0.0,0.0,0.556553401764587,0.0,0.0,0.0,14.091617192563,1.01299184654677,1.24394865872944,0.0,1.5547071255184,0.0,0.35002906144229,0.0,0.0,0.0,0.0,0.0,0.0,0.0,0.0051088664985029,0.0,0.0,0.0,0.0,0.0,0.0,0.0,0.998706446899811,0.0,0.0,4.42405377858753,0.0,1.46692990790972,5.56043074941342,908.905885513621,4.42885994199103,4.46754536219593,0.0,0.0471762168290065,2.17081300836872,2.11796895262603,0.0,0.0,1.5987232578776,2.47784336739429,0.0451137811947876,0.679280667359115,1.2990438412734,0.0,0.0,0.0823658278813224,0.0108386176809807,1.86718342244001,0.0,0.0,0.0
cdh-5,0.0,0.0,0.0,0.0,9.75817522562529,4.89994016926848,0.0,22.8769669315919,0.0,0.0,0.0,0.0,0.0,0.0,0.0,0.0,0.0,0.0,0.0,0.0,0.0,0.0,0.0,0.0,15.7709747997508,0.0,5.48449050440114,0.0,8.23229958296637,0.0,0.0,0.572871631518524,0.0,0.0,1.23519547245439,24.830323741926,0.0,0.0,0.247994895767748,0.158673294034231,2.14423109006736,0.0,0.0,0.0,1.22840739427128,0.713266015279018,0.0,0.704764878111857,0.0,0.0,0.0,0.158102879035452,0.0,1.58580045961009,0.0,0.0,0.397318380869502,0.0,0.0,0.0,0.0,0.0,0.0,0.0,0.0,0.0,0.0,21.1442557950515,0.0,0.0,0.0,2.35882424319965,0.196622431999238,0.0,0.503602153884172,0.196355398407121,0.0,0.0,0.0,0.0,0.0,0.0,0.0,1.19940658539465,0.0709972188820341,2.22223497615688,0.407737200836524,0.0,0.0,0.0,1.66747808506906,0.0,0.0,0.0,0.0,0.0,4.34403608583302,2.39634931734162,0.0,0.0,0.0,0.0,0.0,0.0,0.0,0.0,0.0,0.0,0.0,0.0,0.0,0.0,0.0,0.0,0.0,16.9796236526023,0.0,0.0,0.0,1.46619118383355,0.0,0.0,0.0,0.0,0.0,0.0,0.0,0.0,0.0,2.86218954396569,2.08576638546168,0.0,0.0,0.0,0.0,0.0,0.0,4.5381864126263,0.0191041380987467,0.0,0.0,0.0,0.139248986330542,0.205283773866065,0.0,0.0,0.0,0.0,0.0,3.07505345106713,0.0,0.0,0.0,0.0,0.0,0.0,0.0,0.0,0.0,0.0,0.0,0.0,0.0097686071666868,2.02872757824808,7.42555727182567,0.0,0.0,0.0,0.0,0.25520716446306,0.0,2.63000976811457,0.437344610289259,0.0,2.53690125090186,2.57201478395898,0.135580822001263,0.0,0.0,0.0
clec-4,0.0,6.07724224000201,0.0,0.0,0.0,0.0,0.0,0.0,0.0,0.0,0.0,0.0,0.0,10.9024310664827,0.0,10.0575017652059,0.0,0.0,0.0,0.0,0.0,0.0,0.0,0.0,2.80367641378159,0.0,7.26304629808124,0.0,0.0,3.96365682976593,0.0,3.2091843127864,0.0,0.0,0.952595010234097,8.5767564316348,2.797442570791,0.0,2.21342995251594,0.157414508074773,17.5478403949601,0.0,0.0,0.0,1.63997028937388,2.14396641056079,0.0,1.19231557814013,0.0,0.0,0.0,0.650819335708197,0.0,0.607970813252422,0.0,0.0,8.74227362675063,8.62955318124826,0.0,0.0,0.0,0.0,0.0,0.0,0.0,0.0,0.0,0.0,0.0,0.0,0.0,0.0,18.8090596383834,38.9605441895813,0.0,13.3070076367554,0.0,0.0,0.0,0.0,0.0,0.0,0.0,0.0,0.206962627713415,0.0324719996493152,0.164708065318225,0.0,0.0,0.0,2.1501722438835,0.0,0.0,0.0,0.0,0.0,0.0,0.0,0.396854325188783,0.0,0.0,0.0,0.0,0.0,0.0,0.0,0.0,0.0,0.0,0.0,0.0,0.0,0.0,0.0,0.0,0.0,0.0,0.0,0.0,0.0,0.0,0.0,0.0,0.0,0.0,0.0,0.0,0.0,0.0,0.0,0.0,1.11597349961836,0.0529105100391902,0.0,3.17041761860214,0.0,0.0,0.0,0.0165397385715251,0.0,0.0,0.0,0.0052104603307211,0.574234601839073,0.0,0.0,0.0,0.0,0.0,0.0,6.52848473580726,1.08305383146105,0.0,0.0,0.0,0.0,0.899374549303443,0.0,0.0,0.0,2.48266709381116,0.0,3.76080627920681,0.0,0.0,0.0,0.0,0.0,0.0,0.565630899159115,4.59748761104467,0.0,0.491974683891282,0.0,0.0,0.699996115239093,0.990365200892545,0.0,0.0,0.0
clec-66,8.04806577676756,1.69174844273963,0.0,5.87173327397362,13.1413939927557,0.0,4.76038637882467,14.826072989306,8.30131850213592,0.0,5.66520190264103,15.7535508891825,0.0,0.0,7.35825558902901,0.0,0.467301548331618,13.3657217897106,1.38415949922999,2.11675369511121,2.2978338255798,5.38912180984365,0.0,0.0,3.6157336265033,0.0,0.758349193407847,4.22103855024158,0.0,13.8179043387045,7.01810672724909,11.194060074389,0.0,3.31022572956192,3.45879744906248,12.0885334027667,1.66954760236486,0.0,11.6583393381993,4.15322841230421,13.2223435290397,0.0,3.2320473279019,0.0,2.011018448837,0.903875018691814,2.39412677346556,7.40788685075315,9.08277333337192,0.0,0.0,3.26666357972084,9.45083592824849,9.65897782179156,0.0,28.4047803850824,34.8921159226259,5.61120027851333,0.0,4.99594666235269,0.0,3.51356338001966,0.0,0.0,8.40464624707855,0.0,0.0,0.0,0.0,0.0,12.6177238365979,0.0,43.7077180632387,15.0544169428774,48.8819830716,14.5839187828506,0.0,0.0,0.0,0.0,0.0,0.0,0.0,2.6799211850111,0.257557283569291,1.62443782278401,0.638827938695613,0.0,55.101464318702,0.0,6.19078947261803,0.0,0.0,0.0,0.0,1.34525060460619,6.65967205933552,0.0,0.0,0.0,0.0,0.0,0.0,10.4581143049927,0.0,0.0,3.08300068659357,0.0,0.0,0.0,0.0,2.27648358449397,0.0,0.0,0.0,0.0,26.7135347848559,22.0996281162148,0.0,6.28580536678595,0.0,0.0,12.2511484838853,6.011604065467,0.0,0.0,0.0,0.0,0.0,0.0,0.248034339712216,1.13790274881803,0.0,0.0,14.881474737697,1.59632875274542,0.0,1.43422381980514,0.142768096562997,0.0549886369455154,0.0,2.85666495975321e-14,0.0865587355892418,0.14302697624399,0.373710202875109,0.0,0.0,16.4196770235912,19.9173284972712,6.58718417360788,3.34350159650327,1.36570260376949,3.25531370782133e-14,1.56148145322638,2.65371389154662,0.0972789491339591,3.47718223124391,3.23962286150927,0.0,3.28608445882395,11.9264516757291,0.0,18.9781430390263,2.16890609405504,2.03267432486662,0.0,0.596964295860657,0.0,0.0,5.70509081400957,14.2128355510351,0.0,7.59071072575348,6.37865147098475,4.91277886883061,4.08003445056307,3.43350425605683,0.0,0.0,0.0
ctg-1,9.09542412954655,32.5397610101017,67.1911336877527,93.373880388656,71.1146310596906,100.885906952358,72.2112467614495,66.9664783740789,67.8600466850197,91.6166208141898,57.1860433965821,32.951210810592,47.5170819246746,51.8540271269295,21.8513795500122,19.2841675332356,44.8633044219945,28.8568481075984,59.8450931597023,69.6915615581049,41.6737765203779,53.218563338742,95.4356507012769,111.638385273468,66.433719617003,40.2557430966379,184.50846124962,50.5590044263361,74.4728464152479,97.1502088266442,34.1884627445123,173.793188034298,717.462437383067,50.5839102256475,66.9151152126991,38.7389936866129,48.0522520845611,41.0227799959735,37.4222766056345,68.8208365562813,59.4507054558981,173.131849974714,113.346573353177,235.838438358112,150.424424783015,9.93276053868667,118.754442142095,72.454588017469,46.9224146624311,0.0,78.7040201365516,46.2390555635209,27.8802470050846,119.514989915921,48.8539717169265,163.121484591307,41.7781355844614,89.3448490588195,89.7236759946553,488.551050536999,563.965689986035,1061.18907043569,117.116003212322,50.4482350906272,372.129146075948,167.410629885155,63.5322637709133,59.9080829430362,75.8777156620978,36.33895056725,37.418748499712,62.2869878583768,10.0126138286964,38.6500624436817,75.8713994448361,49.2052999204443,36.2257176729529,65.6567949366851,68.288183416377,96.0123111110563,180.212388018724,18.4213538317892,36.7905859627777,54.7354592392843,12.6939130054292,36.6684498449007,18.0758182352106,123.803260299301,49.2353454998066,73.8677717915755,75.4054079974037,116.454331321781,56.5484206709748,46.4630883651191,44.9098464793926,42.9996526059884,34.9466674744429,54.5302722038199,47.8954585392278,69.3853210467687,73.2445695718719,95.6743110313563,20.9200185192869,23.0975122150062,0.0,75.1907620672909,87.4991781246558,345.278938728205,74.3720710273136,33.8427808852752,73.1384374216701,59.6924215259146,100.86918734721,64.3049498566359,75.0683798167446,160.280075192393,72.2830909853264,91.0524061735208,10.8632070001216,80.1240507643217,65.9515253702319,71.1079503419262,47.9358019908159,64.670305345432,59.0134438617457,108.000857465818,38.5110186135044,51.1661103167839,0.0,32.7384193898487,67.6011108196054,59.3630401725393,74.6664075876443,78.1582235497866,136.010740370728,447.747239681687,62.0019897015048,64.2398871093612,45.9487777013647,146.242504959148,1548.28700208336,74.1389575501485,5.89100801926495,3.6588865895654,14.8074020598889,30.2925931432354,150.935132319475,57.3612038645723,107.699887126921,707.856912990113,17.6269592773918,733.775401212157,22.6136885513888,7.66318844409636,17.4078769269317,19.5905337033095,19.4088999219179,72.7899632812608,74.5946505668276,70.5075890878265,936.131520826935,283.108896734917,96.7486000969704,71.1581943322768,63.750872858752,4.20190251414428,58.3077801422362,32.289618393574,47.8856570765569,279.745528996211,42.1982798038368,119.421635014141,56.1748694964803,54.3174012077939,455.696853416531,1058.91360587362,973.03283744609,370.674168220649,15.828380376326,10.2982153057883
cyp-14A5,0.0,0.0,0.0,0.0,2.85943954778638,0.0,0.0,0.0,0.0,0.0,1.65121527528428,3.52387500863188,0.0,0.0,0.0,0.0,6.05225582929395,0.0,0.0,3.52553867284087,2.93700474552515,0.0,0.0,0.0,0.0,0.0,0.0,5.92736331900951,0.0,0.0,0.0,1.98263047777939,12.0220887771054,11.5912991436317,1.71061176201436,0.534606902702072,5.4433674614236,0.0,0.955352835755366,0.574346360634039,4.87746138478157,0.0,0.0,29.6838560159833,1.37990952418415,0.329451081902362,0.0,2.36456830220801,0.0,0.0,0.0,1.91441361181738,0.0,0.0216707306857474,0.0,1.78567301977332,46.5009792135625,5.06464791060502,0.0,0.0,11.2960156344354,7.91302532867105,0.0,0.0,6.86341445653295,0.0,0.0,72.5251947663144,0.0,0.0,0.0,3.93605464703339,9.31514930854376,0.971843834389151,2.51310334090878,4.78464823898336,0.0,0.0,0.0,0.0,0.0,0.0,0.0,0.0,0.0831496275505142,0.91315870065813,0.241205259458201,0.0,0.0,0.0,1.92215798996084,0.0,0.0,0.0,0.0,1.6840103976526,0.0,0.0,0.0,6.96529367571513,32.6885183321428,0.0,0.0,0.0,0.0,0.0,8.60842677421253,0.0,0.0,0.0,4.17420645146851,0.0,0.0,8.78315112806587,0.0,0.0,0.0,0.0,0.0,4.85158775441233,7.92052624114137,0.0,13.2776903450444,0.0,0.0,5.06322085637557,7.10149432437299,0.0,0.0,0.0,0.0,0.692752707389714,1.84978440338079,0.0,3.14107194830134,6.06414025981461,0.0,0.657563246363587,0.0669312784321599,0.0205511987781073,0.0,0.0,0.0002743806849337,0.0102400439003405,0.0,0.0,0.0,4.47027181833702,0.0,10.0036505827458,2.66772353931914,6.49705116884184,0.0,0.0,0.910778401106147,0.0,0.0,4.57057901700606,0.0,2.4775388655044,0.0,0.0,0.745624793154769,1.97641223254172,0.0,0.0,0.0,0.0,10.212638916929,15.0738770317853,41.8315767429246,0.0,0.890468005832374,2.19113517547752,1.3134285491632,1.60906291227271,1.43270383302499,1.86233917972897,1.86220080214793,0.0
daf-36,14.5585672511926,0.0,0.0,3.1575203237128,0.0,0.0,0.0,0.0,0.0,0.0,1.62906203268949,0.0,1.34829999155051,0.0,0.0,0.0,0.0,0.0,0.0,0.0,1.44730933209453,10.2558976031781,0.0,0.0,0.0,6.73128144880839,0.496377147042779,0.0,0.0,5.28104128110668,0.0,4.56229375330175,9.71461949062056,0.0,2.73222668525386,0.741942198280534,5.57087841094638,0.0,2.47448620240477,3.58967540916503,5.84667444311313,14.8771574402466,0.0,0.0,5.54669843471129,0.406847053184571,6.94451121022029,1.43460927018998,0.0,0.0,0.0,3.3169794548018,3.73308494380727,0.0,7.07902859638069,0.0,3.6314108235526,0.0,0.0,0.21804163048072,0.0,0.0,0.0,3.33467060782326,4.15289771289697,0.0,0.0,0.0,0.0,0.0,0.0,9.72601771141049,52.9662737503566,53.0652319616992,9.18854877000626,112.529782247827,0.0,0.0,8.61596380413819,28.2027339343496,0.0,0.0,8.48829789881894,0.0,0.392689872591219,2.12751998832695,0.628407667632173,0.0,0.0,0.0,5.84855194541045,0.0,0.0,0.0,0.0,3.0081755973389,0.0,0.0,0.0,0.0,0.0,0.0,0.0,0.0,22.7339768172829,0.0,6.90545033976788,0.0,0.0,10.3290927485437,0.0,0.0,14.4302401185065,0.0,0.0,0.0,12.5753990541631,0.0,0.0,0.0,5.62561161909871,0.0,0.0,0.0,0.0,0.0,14.2138414591397,0.0,0.0,0.0,0.946092601214435,0.745077329862851,2.21064711048069,3.23265359335785,7.35516106960802,3.60697443920102,0.0,0.435719161706898,0.139263953086027,0.0462755262999295,0.0,0.606424817222243,0.222517450724509,0.196899541110531,0.0,0.0,0.0,2.86577797414947,0.0,3.35349490139135,3.60369832612205,0.0,0.0,0.0,1.19403929097427,2.76244161815935,0.527502102981774,2.28075602715819,0.0,2.9300521001522,4.59185166312588,0.0,12.9022864457202,2.04777321903029,5.83279483467218,0.0,0.0,1.86831961996841e-13,2.92283882681487,5.20415334319319,5.55316841511157,3.67406926110056,6.33532352736785,11.8167483852771,5.16234929416145,4.20664549705306,2.77183693569829,4.20499822096237,3.53602238356256,0.0
exc-7,17.466138200835,70.9040371613612,7.18112732914765,0.0,11.4653504883769,33.2114207798656,171.049079482853,13.8437983437976,0.0,25.6129609391681,298.47725247892,0.0,0.0,9.17980731354173,9.79169056950494,5.93061497508707,16.1605077313514,28.2154714979462,0.0,0.0,94.7462281783256,38.9978110774036,6.61546068069292,7.53180954338146,40.7168965150304,14.9853274264884,0.368079582935017,0.0,5.76048261194265,19.6939250359152,0.0,35.4453118634071,4.566677330295,12.5639329254742,1.97785347109305,19.6055556001226,0.0,16.5660947540832,7.79633505663057,8.44673344997839,17.9640013688019,12.0195050819722,125.38070511745,67.403044237434,47.0382365345984,1.2023289322766,369.858081896532,221.358325633326,13.5526643500941,63.7013192785883,0.0,2.18039990334278,8.04407283149374,19.1180774784411,4.07072823451966,7.87792602522197,31.62733937536,9.92656091749395,106.652467416361,35.9648793001359,63.9303523528529,38.723153242423,135.930388756073,34.7552287051864,19.256346477539,5.45938573327239,303.3521346464,326.341605235534,90.7154837857482,127.908799853595,181.538222708309,138.364967935484,5.86587936943278,2.14072884952731,2.36304322946589,1.9778310015252,0.0,187.085137655041,264.373845745344,489.334599011945,71.7230180707348,442.783987913405,900.262749090926,16.1824072862191,0.407941780502218,1.74420118529171,0.726368259350646,138.578297936051,127.116264232569,36.0616360256763,5.53792504209869,118.008529322684,133.743251733681,1.47864291512875,0.0,0.0,21.9665896952256,0.0,0.0,2.96557104314066,0.0,0.0,0.0,23.2586285581018,0.0,0.0,56.6195627296326,44.4132788789095,0.0,0.0,386.977180961614,9.0327590469115,0.0,0.0,0.0,21.1269092692983,37.1384382518899,23.4427927041832,122.363889273991,13.725580076818,0.0,5.95106862453452,62.9196373736763,31.6059711911041,0.0,16.919026593318,2.8938880121595,0.0,126.582540038766,31.7338164512189,8.85765397999681,9.57813865541975,39.5509942540934,4.78489650072346,34.7780162199291,13.8786120133879,0.0,3.54239061883229,0.351359374518251,1.41580546039244,3.16030549925037,38.6565324299689,0.176420079011598,0.455062981596974,0.0,140.381493548231,0.0,8.55119860566597,120.843661392417,3.48862625413988,4.67608489941735,0.0,16.2113628196443,23.4295861203805,12.8937382239702,19.702567428794,25.5880497027612,312.024659845412,81.7852764568809,2.06329101228744,35.4549318752338,0.0,1.4563246507845,89.3639445882047,40.9899976118099,8.95292625168057,13.6562573647092,22.013727923696,22.4761595643387,4.07684863783696,12.8490224523538,125.449189028651,14.802720877485,14.7448474892211,1.89626574564981,1.44058164760764,2.30685477022682,1.12059777414727,24.6837979909705,22.6452028270268
gba-4,0.0,1.42358237244051,0.0,17.6547342722527,1.42993843804894,6.4344302171127,0.0,14.3088173219163,6.48594368157593,0.0,6.01809532855025,17.5488765804946,0.0,2.52960334978972,0.0,21.6070406387386,0.0,10.4655723781633,5.20009329992426,10.0883485489331,13.4179874336323,5.83180685428765,24.1232702224742,19.9451811263618,5.96942863264086,1.89142663947483,9.72322127438769,12.5051146657407,8.62111016834566,18.0762478423542,0.0,19.4567594883021,0.0,8.51836642994014,11.1524982777113,20.889751058975,4.06071465358533,8.73222876846364,11.6005634090567,10.8515495856634,46.4053126867432,29.63085922724,0.0,0.0,12.991543081599,1.6616131216027,0.0,9.44524115839663,0.0,0.0,27.5725811865365,8.86482237855394,2.89676116752258,7.03107407018771,8.16695329900232,2.51504403032911,28.725324399573,11.8269828981894,0.0,8.60574424228387,13.3217563840107,0.0,0.0,5.56383548802052,3.43801506165778,0.0,11.286126616774,0.0,19.6533261437206,0.0,11.8956868548672,7.32608578947422,143.70420476623,32.6206034096373,11.4310601185645,257.041955282356,35.2283817482565,19.0513350917169,3.79089020061377,58.5281192011129,0.0,0.0,0.0,12.1763557459513,15.8646487326683,3.470156651666,1.4684545464198,21.94468796907,0.0,4.89539731000976,18.1573804994835,0.0,0.0,10.9694444328394,0.0,5.72366216815621,0.0,0.0,0.0,4.72390462046879,0.0,0.0,0.0,0.0,0.0,1.85036362204161,24.8951473016918,0.0,13.2261261639966,15.728365274333,7.28605830254892,9.68585035563667,14.1380962586022,0.0,0.0,15.0811294137658,0.0,12.2867515893902,8.57874970552945,0.0,3.0101372997615,10.9040730496329,24.1839303818373,10.9942103487588,0.0,7.7728236613781,26.7480393157343,0.0,0.0,17.3062092445468,8.10850655264967,2.86029699515036,10.4565814550759,6.1810493039597,18.4772598930818,4.03816655159314,0.0,21.8182181168904,1.2128765115261,0.053623424843791,5.8108842565764,4.174766382774,13.8492563368756,4.32361316439246,3.34285579315588,0.0,0.0,16.3602340403601,13.4685968801674,3.12098435874162,14.1244654841467,12.3886156825304,8.43900114548431,0.276068909492342,2.87323660969564,1.53879645692339,2.1317499374464,6.84677775816803,0.0,10.7128719402018,17.0576598005288,0.0,22.2829139593805,5.13256952804109,7.79798399716165,0.0,12.0834919370168,13.6662964460504,20.4555762325612,11.7233989959454,21.2083223100813,10.5989458128179,8.74511937382105,13.6191460579783,12.8824986142129,9.90812545844738,7.24226646791215,0.0,17.144740889307,8.62304243926784
igcm-3,32.522357416934,3.30143424075385,5.77808767451337,0.0,11.9732219653504,3.29261261971395,3.22436130500447,0.0,20.2458118817568,0.0,2.36764722950955,0.0,11.1063224225486,1.56275205867336,0.0,0.0,10.4194054444863,9.88658447933079,6.1470948764363,0.0,3.40436619370424,6.80812815720362,41.4317004318204,5.49268634627043,4.69293273117107,0.0,4.18280590437288,4.91571503166321,0.0,0.0,7.03984599147075,15.769731523407,20.0477237027456,0.0,1.62125331820219,2.61115217611611,5.82635200503771,0.0,1.12343606990079,1.35916804583261,6.25925768413934,22.0260604347948,3.74589195610004,69.5654437478348,9.4933257453504,0.0473573988825779,3.98334742798933,2.95822092724952,6.82164892557327,0.0,0.0,1.59045976969544,0.0,80.6195850280624,101.898832390819,3.27640313128281,74.9247123310522,0.0,0.0,27.4907660858441,122.452791879158,7.9726834968077,0.0,33.0055525476123,29.5065816030374,77.9705181669958,0.0,0.0,0.0,7.04382846416441,4.19734406171648,16.155533173293,2.78704539496009,5.21813406605695,1.48173572225045,7.2932823926134,0.0,0.0,0.0,3.68993594775938,0.0,7.3154494022221,0.0,0.0,0.10336952720122,0.593194000354877,0.374278448798696,0.0,0.0,0.0,11.2893000995941,0.0,0.0,5.73372701622228,0.0,0.0,7.29517510937354,0.0,18.2609662430482,3.24818140430003,0.0,4.88173089376796,5.39615845560302,9.37640025732135,0.0,10.8442184612719,39.1155055583894,36.046830670493,0.0,0.0,8.17407856028474,3.57488847458357,3.41549474589398,0.0,0.0,0.0,0.0,17.5555126807969,28.7709514240663,15.5568881957386,7.09668764610985,7.47495860250858,0.0,10.6363243226008,0.0,11.057726160299,1.46413217461189,12.276704361716,0.0,0.0,5.01934334073301,10.947827294785,5.84737959839191,4.2153306630701,51.7834337209321,54.4563702626242,63.2456820898428,0.256174006461858,0.0501658222614333,0.148663146725262,0.0,1.68774240548637,0.0342590612249486,0.0591020006478136,0.0,0.0,0.0,0.0,33.4295892355704,4.19322388560867,3.96186351787735,101.818794675164,5.56458912906097,0.0,0.507992948569061,8.18576198170421,3.11383505336377,7.58600157233585,0.0,0.636125186669505,108.469491227915,29.3422417983729,1.70502101065011,1.26630426921238,1.20289221801435,0.0,1.61296708816521,0.0,0.0,7.82491730719301,20.7911952804342,0.0,1.1062567860147,0.0,2.82005499597264,4.69299043088213,18.1477335510221,2.58369680695622,0.0707119642111789,0.0
lin-38,0.0,0.0,0.0,0.0,0.0,1.79818839864122,9.45402540991005,0.0,11.4973489079176,0.0,2.64993573968769,4.84903456066426,8.73739161890809,2.85722912972914,15.6233156847512,0.0,1.08493208474299,0.0,0.240922659505151,1.22664289766438,0.354974953944105,3.06732326337435,0.0,0.0,2.51304409471311,0.620696904636319,7.30540851047722,0.248803374058222,0.0,0.0,0.116651526295479,2.11602021551529,0.0,0.0,16.5070437941955,2.82119082883102,0.0,0.0,0.579738517386564,1.3854272336275,3.0408264833341,13.6641169203041,0.0673214766736845,0.0,4.72238471909989,1.44307858459532,0.0,0.0266285238505937,0.0,0.0,0.0,5.08485606030157,3.63851780717545,1.67842521316156,21.4281614134718,0.0,6.08589625931662,0.769237807509981,6.02384563562709,9.10592592438092,6.37775919206697,0.0,0.0,0.126306233207858,0.0,13.987573572714,0.0,0.0,0.0,5.57027841333327,0.0,0.0,20.3138906811532,14.5391897155829,4.65267055174338,12.7900115044973,0.0,0.0,0.0,0.0,0.0,0.0,3.75600640441313,1.04520759999434,0.182419398689516,14.3461591403462,9.61717608073899,0.0,0.0,11.5525710673189,12.2305948441457,0.0,0.0,0.0,0.0,0.0,0.0,0.0,0.0,0.0,0.0,14.3800623427349,7.77907872674467,4.19374484643179,0.0,0.0,0.0,6.16651523423774,0.0,7.82789788955402,4.80562622902089,0.0,21.4015973245403,2.52078186491674,0.357630925135594,0.0,0.0,14.1069239312064,10.6943262030794,0.0,0.736861628029954,0.0,0.0,0.0,20.0256666671573,6.29631096902521,0.0,0.344009108603454,0.0,0.0,1.31474108459553,0.292948957372019,2.76049667012059,0.644557877961008,0.118943228240335,0.73290785437017,0.0,0.988252849915895,0.560527918841341,0.26451136756765,0.0,1.73740595189129,0.197101022844989,0.105161244149819,12.2977277448599,3.59094931358751,0.0,2.22129333036732,0.0,4.67134488524632,1.3908446650773,4.44133660806802,0.982663862301908,0.683800075597934,0.417796534906684,0.744452471297619,2.67977439723731,0.585661354026246,0.0,1.32304857543509,2.14014434848423,0.0,1.54587999009603,0.504147500410711,0.928725367361246,52.2923185810304,2.79529462203216,7.339216295879531e-14,0.0,3.18541387842123,3.43014437586827,1.18669020458071,2.08065299293865,7.82668361895918,2.47185158684075,3.28807957751163,1.28384924449059,6.21119781409773,0.0,0.0
lst-5,0.0,10.7902604554495,21.9686951508286,16.1569959400454,10.5578094124899,6.54105859076465,0.378540688084521,22.0868634692311,8.57467584497766,0.0,10.5996862200546,5.07324663880016,0.0,3.66232428493649,12.7424152367542,9.3483873829211,16.1923224680661,0.0,8.28285274468836,9.32048382276733,12.1485911351268,7.53906984437732,1.53096423784204,33.005747087286,4.22633262386925,6.20374266872137,4.57463000336551,12.2208042622246,0.0,2.19174551479723,18.856413710352,7.84510568118192,0.805112733328733,3.95074882808709,7.09099067522874,4.5278909958391,11.8066866963452,0.0,3.14779925001737,4.76122781312561,3.85799472668172,4.18856535614303,33.5825348517584,14.2258375556308,14.7262726203893,1.40008752099158,6.75830612826044,6.12045391115285,0.0,9.17379788411271,31.5097790010788,6.85735985931959,111.083897545739,2.99279206728896,3.08432589831984,6.52025409518728,4.41934276639014,8.25946728835967,69.9176463227766,7.16329368327281,2.71846116926151,0.0,31.7422007872576,0.0,3.65984164308607,2.99068877301427,0.0,32.9805266235159,0.0,18.7893967917229,13.1726686648845,11.7223801351989,6.6599900866473,7.37548506515974,10.8148618460217,16.6313445336242,0.0,7.94615993460915,4.36071080456983,0.0,32.6717306203098,14.0630472798142,7.69455965676463,6.03475764809225,136.902794114868,4.82976669036076,3.3523214887463,30.927607514727,53.4017280450769,28.6315197237174,9.97973987861394,12.2763850611742,0.0,5.15954792910999,0.0,8.9487541385998,9.65201001318293,0.0,6.67705826622593,7.67527582949328,0.0,0.0,7.76112195537004,31.2811544568932,16.8223584380441,15.6054993498391,8.53918685266509,0.0,15.4237306595852,5.07432065356629,6.46838721891084,10.1604686346964,65.7971704053218,5.52917484923038,7.21550646351373,0.0,29.5826859731841,31.6313854222352,15.4040856023274,70.9606270563081,7.03125618639475,8.69564874664382,36.0607273803003,11.8472142260049,8.64568305603659,3.02917466352133,1.29489468235282,0.0,0.0,38.1292857220269,6.64461313908353,9.38709702821903,10.9458589398747,9.85657660551524,4.7541621030351,4.35960991381205,33.8059733236987,1.30763532874423e-05,0.0900553955520794,0.0881987250420299,7.31385002858862e-05,5.74616612736328,389.672814064879,433.001683409313,82.8366364431446,197.000279057104,87.3661512087496,12.618247143683,50.0331672785495,2.41169354855153,0.0,1.66724378566907e-05,0.0,1.51198361104604,2.82465373331944e-10,0.137101530395605,0.369447356685865,5.9460021774804,103.148803166943,8.44644184831595,4.74586606205942,23.0789224786528,22.6290165209133,5.23714305323627,3.70820780552819,2.48311953145031,5.85380805358512,3.66387322972723,221.529850784335,6.16246105833599,4.24466420630053,3.58219736297597,4.92447561405386,0.794904042223742,5.1934976123592,4.45303076310414,3.63390033738215,0.698369106038848,0.930321010702362,1.93824909133618
lst-6,23.8434084817332,37.9136834455801,20.1944772494847,35.3529337061485,23.3755911210822,43.5559479639211,55.9626586278631,0.0,74.7383195525985,14.8027381582669,68.777090169796,32.3850798125738,20.5455696788225,47.4057791490343,51.2533445022569,59.8115957857107,26.5333231679184,26.9278828429453,55.609621991679,54.9274492035283,49.4229836688255,65.8988563513447,30.3574766912134,42.0139258131824,60.8686818773792,57.3581383722185,66.6232366710953,52.750625715652,64.707935864596,9.50288578852734,34.0082684602824,37.0802238535238,38.5319879215012,59.1979806963979,148.56878171259,32.2105902448602,17.3660076778774,38.9936731476526,18.7991632057808,23.9957001242196,60.2164943976777,309.563531564438,125.224226626954,66.0878829377182,68.3817286315774,31.5724429010121,61.3673374293422,62.8959207223591,67.1986479000587,54.2847496143627,73.6038518291332,33.6131285539368,388.575444945512,52.9659879174639,47.6549765913458,19.0573419097758,67.9968131342362,52.5287990799984,391.187098951569,47.071790908436,12.7960509972147,69.6537540458968,171.685166075443,58.1562642066484,24.0267273536744,2.38905206939342,67.5027415511948,36.0002733814661,75.9619604224739,42.9629575665437,116.116955267029,113.878623908704,135.600182559942,200.711312112239,22.7997424226111,382.491741728075,75.186617425264,71.3170798194698,30.6759701364683,75.9950900058921,99.7162109929446,97.4958996959805,40.7262532750436,26.9866199297137,1.48264438861755,82.7397686575429,39.1265995883052,217.25714994535,103.147305507738,59.8653269269696,86.0967781885662,84.7057700329451,0.0,99.09897003993,0.0,56.0562865118427,85.4412722406939,3.70732840677831,74.6085049858815,72.5740912080083,309.581334055538,115.410458570605,48.8767553389683,58.9076684459275,52.6731971064956,27.6827884057368,13.6093138853022,45.5822917199096,84.5266176991462,71.0979519213665,62.5836979548908,41.785901962777,96.2826214870067,100.680401895549,90.5322914655983,18.6455391996375,46.8076982296671,140.558584079527,100.485300650276,105.239075936205,78.3648699318715,113.164079838996,66.1335305629816,18.3237747348902,26.9809164241795,110.733721782775,60.1578076230418,82.5805213757884,0.0,71.0111019318452,64.018949008746,81.0733991363622,67.199376027966,61.075017327017,55.0015763743197,28.3450591142331,0.0,38.5085403627434,30.4840259926137,20.6245904174505,28.0312748856699,36.9624293049471,3.16363011803385,4.20882179217848,34.7593010895264,250.615849412604,72.7467206617946,125.610733293232,67.1839465731218,27.3915527537707,32.5142945529212,95.0315413149698,32.4847162269754,20.915100805101,8.6329879706152,12.2339877724945,27.2366528128599,75.1614491913574,282.476872848946,62.7842898032592,21.2821187168809,67.5092866287975,33.7795320228881,36.4317106211256,41.7618183062744,2.64398179956054,31.2873902192834,14.4540195784455,72.5907657724271,24.0671281196822,24.9573462720047,22.4299873196462,21.5958879416435,16.2706786524728,31.6615286953352,31.7063198709709,42.2409842549446,5.74819361230995,46.151909574931,36.6164482773929
nlp-27,47.9628089632928,66.7079044546268,50.1393446145853,104.211174146325,71.9862108066461,98.5544485813627,71.9249091368299,109.910141910715,93.0827847272198,20.5549766136549,92.1576541244461,90.3740937498416,91.3655689629527,43.8100463648232,58.8503262096759,69.3714283513355,61.6703204294133,73.42715640995,52.1971570807767,57.0943494005568,60.7690328425014,68.8848501130759,76.4647275097518,27.3279954761196,74.3140749954277,64.4693017072109,33.7580720127884,112.286812929591,40.4799388882897,51.5828818469498,83.7536152609044,153.35017282375,134.209883199211,66.8750990586988,75.0977047141337,61.0912522997264,65.8114414068501,99.2055201857225,57.5433572626244,82.9030661601675,114.026729046495,190.903793014669,81.4924340760955,45.8714401609262,182.658530876421,17.118904994883,115.347176244862,68.5642567805033,23.1326934157923,48.7087118225643,31.6696421065133,64.6156866185361,45.4143818656418,41.5955339606632,95.1539003342396,193.617564688234,602.567890177084,133.194142300879,69.047000430759,175.303835028845,125.901167369827,70.1994598515815,26.7243335106183,41.8685575537841,814.117672454298,954.320374070765,74.2919912077987,106.233847680676,44.2275691199339,75.9135096898022,27.4871087623839,92.4761273069369,74.1521255799915,79.881867598885,86.7276989519514,79.3373952620917,48.0499179819447,52.6429932495447,98.1689938336449,71.3198509854625,42.9801959585768,38.0400604112234,99.7641677812406,95.1454498963197,12.6994191627768,40.1284561714829,15.2354732095844,0.0,51.8926198395645,84.2603682793487,71.9577267820519,18.1409388278862,138.630413472315,29.3936680628264,0.0,46.9869799665877,50.5622284374987,89.3342643824453,52.3241593079174,64.9402516006019,84.7903270660757,104.781390192772,21.323793284511,52.3714623341242,117.872104985334,54.4937122481189,181.812477454601,117.547739952116,28.9673617643084,50.0105678313163,79.144385517838,52.0553033713878,37.2765391434419,79.7048647484029,43.1218576683764,61.2187346650699,51.5112131383868,65.1140750974626,44.4157322930676,65.9143599922448,94.5828172967361,86.11148791764,98.9421492037219,47.4582598569533,44.5817021081569,87.7128810608586,143.8804359955,85.3038012524572,0.0,64.0556142649284,69.9200594500228,89.767845149976,83.3704572947377,64.6810104946518,353.391536201456,1758.71236432464,189.180877943352,10.249725269757,0.335961420223678,1.00958728691012,0.510523715596228,39.947234675372,9.98016621569094,3.66931984358308,7.22557853852539,100.14558813235,94.6921457681867,80.0926553979924,105.562367263515,718.877353012638,18.4676103523476,19.1702910907099,9.97446342119705,10.9015714451592,16.7722808152699,10.8349394991147,8.64066081744288,80.7483568694146,83.5375721425427,80.8775883393922,87.0269348457151,123.782306707738,94.2966364197612,60.3770497933246,82.0366558216156,44.0511609783336,80.6326259752919,27.8643349333258,86.2936434687883,1388.46424874279,233.577713287014,49.267293373639,80.4753695273401,36.4147053994669,110.964505615316,86.2932648637465,85.1598295007841,51.2293320376264,46.2852710529523,18.7576601381396
oac-30,0.0,0.0,0.0,0.0,0.0,0.0,0.0,0.0,0.0,0.0,1.05199418901827,0.0,4.28895945051314,0.0,4.92555677381002,0.0,0.0,0.0,0.0,0.0,0.0,2.2905700425927,0.0,0.0,0.0,0.0,0.0,0.0,0.0,0.0,0.0,1.06433303271944,0.0,0.0,0.330075830663796,0.0,0.0,0.0,0.0,0.24797829107601,0.0,0.0,0.0,8.76674518468188,0.0,0.0,0.0,0.0,0.0,0.0,0.0,0.206491163882589,0.0,0.0,0.0,0.508267698004574,0.0,0.0,0.0,0.0,0.0,0.0,0.0,0.211359926247321,0.0,3.5713546728821,0.0,0.0,0.0,0.0,0.0,0.0,2.84767608285499,0.0,0.708761789027479,0.0,0.0,0.0,0.0,0.0,0.0,0.0,0.0,0.0,2.81911652997495,0.14942132877265,0.0710117257606766,0.0,0.0,0.0,0.0056440797381889,0.0,0.0,0.0,0.0,0.0,0.0,0.0,0.0,0.0,0.0,0.0,0.0,0.0,0.0,0.0,0.0,0.0,0.0,0.0,0.0,0.0,0.0,0.0,0.0,3.87592054180695,0.0,0.0,0.0,0.0,0.0,0.0,0.0,0.0,0.0,0.0,0.0,0.0,0.0,0.0,0.0,0.0,0.0,0.0,124.077125063498,2.13633383007729,0.0,6.5405948275689105e-15,0.0,0.0,0.0,0.0,4.28015593402494,0.797805840653683,0.0,0.0,0.0,0.0,0.0,0.0,0.0,0.0,2.15602197332718,0.0,0.0,0.0,0.0,0.0,0.0,0.0,0.0,0.0,0.0,0.0,2.917553097884,0.0,0.0,0.0,0.0,0.115507851795829,3.87618105830609,0.0,0.0,0.0,0.151579146610208,0.0959554343775527,0.0,0.0,0.0,1.30375023672859
ptr-3,0.0,0.0,3.05482418277808,0.0,0.0,0.0,0.0,0.0,0.0,0.0,3.55783647658454,0.0,0.0,0.0,0.0,0.0,0.0,0.0,2.63756295416748,0.0,0.0,0.0,0.0,0.0,0.0,0.0,0.0746740574800222,0.0,0.0,0.0,0.0,14.0458630771504,0.0,0.38458176514578,0.343946084854279,1.40686055114575,0.0,0.0,0.799680207889488,0.180618898170633,5.10266271512751,0.0,0.0,20.1886466585466,2.00905809354708,0.0818949293685626,0.0,0.521235008242843,0.0,0.0,0.0,0.176227041353621,1.99720470991449,1.66320029571129,0.0,0.0,28.8296414278752,0.229718178000867,0.0,3.25333224919195,6.93806984262981,44.3806360982066,26.4324449561909,0.0,6.04193548031873,86.0126751221652,0.0,0.0,0.0,0.0,0.0,0.0,3.28973294129565,0.0,0.0,0.42254434256183,0.0,0.0,0.0,0.0,0.0,0.0,0.0,3.5032499079265,0.0114664406042421,0.158959014341158,0.0489674166353663,0.0,0.0,0.0,3.20779090315605,50.899127277688,0.0,0.0,0.0,0.0,0.0,0.0,0.0,0.0,0.0,0.0,0.0,11.7913004091704,0.0,0.0,2.04357649864229,8.90664848977815,0.0,0.0,0.0,0.0,0.0,0.0,0.0,0.0,0.0,6.21016647176663,0.0,0.0,0.0,0.0,0.0,0.0,0.0,2.66760994189265,0.0,0.0,0.0,0.0,6.07421328874975,0.73891654691952,1.30169239356182,0.0002314285540758,41.3152356373758,10.6742094835139,0.0,0.412747331423559,0.0,0.0,0.0,0.44173978125949,0.0209139131431268,0.0298340405699546,0.0,0.0,0.0,0.0,0.0,0.0,0.0,0.0,1.03311904447542,0.0,0.0,0.778777125822778,0.111297578911031,0.0,0.0,1.58955782998028,42.5230099087544,0.0,0.19707576266782,0.414900806645991,1.14752340653424,0.0,0.0,0.0,0.0,0.84710325819013,24.7776738130844,0.0,0.388041644100637,0.0,0.571069499964644,0.260033845921062,0.133109659175331,0.0,0.954047198760074,0.0
rgs-5,5.85391964038273,22.8480773722057,7.07845238570547,16.6693731310626,1.41575733771474,13.3356764848686,12.9350360998136,6.17626308480291,8.37697449649959,21.2651120003908,27.4623914756808,19.0005301149508,2.60225209886777,4.09619115585505,10.7901681797398,24.7950372898276,4.59792009743928,18.152140294414,26.8995990179089,15.8256264530475,33.994760875162,31.0736795469625,16.865370472345,0.0,49.8339262888765,17.7018633424022,32.0955490920987,4.91894015958305,11.6875937946678,9.60411487384474,10.1259188067841,15.2251497635471,26.664685110784,8.11679307249327,20.7616033856495,17.9443686397782,8.29062249526877,9.36549669750888,4.79427604606546,6.44834281096131,3.10854247511998,31.9460159105897,0.0,4.59500622128319,10.6096885102691,13.8188659591818,16.7148237818778,20.7738392793033,10.0043374642634,51.1071317425306,5.86946882203194,9.06890564760566,43.4595165600938,56.3160206447277,51.3826589484122,7.67866414710259,4.65860391618737,9.04240673973394,8.12876558283691,14.1224133524557,18.7011241983359,6.82258472301059,0.0,29.7489858760293,24.3586778792615,13.6350207343309,81.127893349538,23.9185661612484,0.0,9.87372918372127,36.3832101260279,36.3982883648748,16.0189962994864,30.950537557075,7.87589204394335,21.4096207009515,9.36577621501495,57.0494613312521,74.3223436870111,32.9336937069552,66.6627978452922,20.0796507731718,9.84882028707493,31.3796884860071,1.04883999459435,16.9522176423835,10.938386709559,79.9749436145704,47.9040259734335,6.49897724639011,39.2858036938411,16.9392479329947,107.332225496771,29.5037581988353,0.0,13.5449146399653,19.4276083934521,10.7075189557189,27.2342288929575,27.2426537875569,0.0,48.6917659326478,0.0,48.4056574435801,0.0,46.920325282233,7.49024329902651,8.76946756833508,23.0225030150561,0.0,5.13251090918943,27.5936521294906,0.0,18.9105943599042,32.6086984620484,0.0,16.8000887740113,0.0,8.60245980502017,4.6813153998034,14.7231245651704,3.81710792633471,0.0,68.2479189231135,8.0331342544907,26.1769946777428,31.1573342540696,17.2706567818906,0.0,16.6697576528955,12.4973652793966,26.1547671983076,32.4550050051674,27.0794224341613,15.1132039867819,14.3626541069276,0.0,44.8797467520165,19.3195787199448,20.7141954043513,30.0803850065795,16.7234443358774,1.60227325009727,3.78356595810311,46.7498214484439,86.23884586482,0.0,19.1475702634586,36.7983632340845,11.6978018625625,3.05004665756843,50.4311596091054,23.3626303189597,5.95110092042189,15.8365042717811,25.8801672247583,17.0332285827794,19.2391042204499,34.3254627155324,24.2974492737758,14.5260494004385,13.5174497527995,6.92459197987578,25.4796075956787,35.5779389262189,2.37449470494007,7.94615900763044,15.1225938856253,21.984513809479,14.7415471084026,8.28655275366946,11.903156527459,16.4988889629343,20.9594085037682,13.2494902614496,21.0053814032235,19.9676076239638,14.1687616844908,15.6712340021635,8.11663976823915
sqv-7,2.48181744814123,7.7115064886893,5.54263950462402,6.6915002047701,3.30307093883033,4.83906228595101,19.5318634406553,24.4697490603412,10.4328445204424,6.36676522495226,14.6910323449489,14.1228749052216,11.5040011610543,13.7758954508286,16.4838313903296,8.02845870236569,11.9093955659467,11.942091379579,14.0371716404025,7.85156740759722,18.0672109315626,2.39590252066925,8.11413941240655,12.131428153988,12.0816711865041,2.88750327436659,8.11682768420809,27.6806272962979,1.71955444639787,7.99549897500835,7.37517482250219,30.5386180675449,2.50303200501004,53.2345374750108,79.3703647271493,10.6964889360819,17.0370016798835,27.5398222472259,8.25889262446574,7.1280125510195,11.1258562280124,160.693926724069,45.290991649671,7.41294118132845,44.3198250058541,14.8437493473084,14.8982828490165,11.6019600616903,0.0,0.0,0.0,19.7095006883772,413.217518828533,28.2481768635934,4.0926189149688,22.919887030898,15.793880309371,24.7006279039022,79.8895065456664,25.7028063141112,29.7617822227422,38.438646841785,31.1768526322244,2.22066383706872,16.0306892626526,12.8219563382169,0.0,0.0,17.6713387292009,0.0,20.9771572071827,22.1070919742615,20.4721738665273,36.0425318913171,9.81518836604525,44.9933783408136,0.0,23.448152404887,9.22116979092712,64.7268727730793,0.0,0.0,16.2517850530605,16.4445050369863,5.57592538223727,36.9922288926524,18.6629789551364,23.4189506599559,41.2644588251299,7.11173868967213,78.3096621366025,23.5900588542371,0.0,8.95225185467052,68.3361311164417,10.3109195399879,17.877465924423,16.5788467287,25.2291075952398,20.5934342701975,42.9397381645657,13.5190611828773,2.60582523903618,8.37362278919074,5.42592925605693,30.8545425308968,8.1781460860405,18.0419390646315,13.500929107041,10.5206462495045,18.9781476094514,8.58637133263623,7.71846796053222,19.4518524476677,5.93767600569579,17.2095537172851,27.5823110886703,15.091285894058,5.34220571570831,24.7704604855284,15.9710268990817,16.9894915912238,20.3096309704387,0.0,5.81564339584679,14.0540191110454,46.7607163393345,0.717380290456431,0.0,14.7378570758615,8.54456128911663,21.1383230267263,14.0618206077953,18.7980874623812,126.522326153814,88.7029856482772,30.6140028685022,24.58350845633,19.6719901546869,10.9678334013006,3.89660034407096,30.5885245091874,13.8548301227183,10.3241650833355,33.21128039585,34.044437834895,0.0,11.1911256861231,17.7242743147299,14.2043641405908,4.34304281473541,11.998355025745,16.4857709740654,13.5752890616507,4.52935777919077,18.4647540064059,19.4731786390473,9.08785031745817,15.7221631951835,13.3205557767208,6.48505133414764,0.0,5.58892505079382,23.5047239737787,11.2744901876545,8.75589527081467,16.7549087043371,9.18526966760847,95.9962332005483,9.59955539020097,10.6173004254435,10.9424679457088,12.663119795552,3.58358006716365,13.3927455745241,15.5859258159115,26.2962152559117,0.0,14.2010646230829,6.63770216348276
tcl-2,0.0,0.0,4.20302457977457,2.71847021099076,0.113066399699308,0.0,0.0,0.21053245919309,0.0,0.0,1.24796290480902,12.0754876981449,0.0,0.0,0.0,0.0,0.0,0.0,0.0,0.642582967508121,0.0,1.64034301309733,0.0,0.317321580459643,1.95331609155556,0.0,0.310393584459227,1.48824071318772,7.31509865638162,0.451913465109292,0.0,2.27773889552625,1.1711018543181,0.0,12.0825719336912,1.49920902342008,0.0,0.0,0.386033257178158,0.434693319510124,1.4431997069754,0.0,2.0215862961766,5.59585232679981,5.28104898433341,0.239560286841635,1.20353946104792,2.70900987589904,10.4612719607292,0.0,0.0,5.28525853244702,22.3066417758984,2.56739243374719,0.0,0.0,0.371136473348659,0.522998182501468,8.143835127107,34.3407427732032,0.0,1.22682719886248,45.5989080985727,0.165825533530256,18.3402289610369,0.0,0.0,0.0,0.0,14.8985160243901,0.396417338893436,0.62950893914025,21.9762395644561,31.6080021276206,3.95758685102292,37.1262964344221,0.0,0.0,0.0,0.0,0.0,2.76741045537139,0.679881723727957,0.0,0.117077680753677,9.73692843446121,7.8061377855604,0.0,0.0,0.470010585932768,11.9264585428499,0.0,0.0,0.0,0.0,1.59233300727601,0.0,0.0,0.0,2.21691338699505,0.0,0.0,0.0,0.0,0.0,0.0,0.18890192820921,25.9363581286357,2.10245479110119,0.475052386876103,0.0,0.0,2.00266934621811,0.0,0.0,0.0,0.0,0.0,0.0,0.653799067658009,6.72615197976685,0.0,0.0,5.46354398596524,0.955606188271501,0.256648100031875,0.0,0.0,0.0,0.526519396612606,1.01995909712465,0.530502054487307,0.878642826369277,0.0,0.646546877033619,9.57814316991642,0.0,0.147992802875611,1.58263401372084e-14,0.0186885726066186,0.0,0.0,0.0511778523725729,0.0198172252535286,7.03031873012995,0.0,0.0,0.0,0.0,3.75215292587792,0.661298895693453,9.53462022205412,0.0,0.852702317036692,3.44978275584232,0.973508063153669,1.75602949296471,2.63182424921481,0.0,3.88864525351665,13.5361885084141,9.54290186800811,3.28535614356724,14.3942929704413,6.30651990326666,0.0,2.30351383798217,0.930120530508826,0.0,2.27192889699301,2.45542902582792,20.9265265662223,5.09804149120522,4.87756135864518,2.41712233713493,2.75245075919387,4.17350987188531,0.0,1.00514530360031,3.43788154007302
ten-1,44.0446863212479,1.94060702611579,18.0423767545627,20.6703900339163,0.0,388.271104960564,8.07825553989441,167.911122992924,78.1653318227151,0.0,3.83644815132187,0.0,6.01284409848176,7.7083675747977,9.29252836469794,0.0,7.83606971360883,13.7756569418338,10.4539448615701,4.90227904487193,216.560608165926,204.245452215028,0.0,60.9393199455274,8.20706160530472,31.9133623748857,50.7406645716148,0.0,2.84518621766148,107.911210521152,14.9077486269193,41.7357088721739,0.0,12.1191148398791,6.00476266143537,5.84122534054194,2.07175953036542,3.24495993693862,10.1862257670864,2.52349589520178,84.8711940981452,66.1322494685117,53.6054240224617,19.7601493261384,7.11991322231367,0.0716053513003441,11.7320631806907,11.1653677383617,96.1374400580632,0.0,114.175110712206,2.69088998618734,336.063260268825,81.8216916369107,37.9765086518204,1.41735599268546,6.82540707317339,25.7493469528603,3.59460762991822,1.49568468783827,1.62964038955754,6.79023824843369,43.3926939162172,0.0,4.14776265561912,7.77786753909386,193.008031769978,39.2955162060751,28.6262388881094,42.0028026023741,10.0613511416923,12.9935702741765,6.35294547740436,4.19172999339886,4.62321292733882,3.2995171053625,64.4535719520058,14.2495762107726,3.66661976042619,4.7604315908594,0.0,27.0422638297255,0.0,8.06601695733521,3.3399358461756,1.59743267781068,0.911875613098401,0.0,0.0,520.272910470673,38.9425088264615,20.4811738996158,0.0,12.9538284141368,0.0,9.25220035016168,0.0,59.8615232261012,40.0165722851596,80.3665749191382,57.8881774562704,14.5005070737615,0.0,0.0,0.0,24.3816460552047,7.45993993203074,4.78883100676594,193.185148215239,16.0446626997332,3.39406070831432,15.2620529619532,0.0,64.1283774766894,210.554102378297,0.0,0.0,371.915241005212,8.23096714564074,42.8697367333254,475.551543048491,78.8920131191391,221.621526404664,235.440421034203,23.7435849087541,518.851797514646,0.0,76.8914100654099,0.0,0.0,18.1641639011517,115.249317418782,266.611555531206,95.7561642033958,0.8018094831792,2.15320149432091,0.0,6.82534541853923,0.193560213283093,0.223177425248894,0.368353731319138,13.5076350503421,11.6479807170954,5.70707921640504,0.0,17.4632762861815,186.952666646176,244.119237548811,55.526128571831,2.0373548255247,8.34059101816115,286.270555962027,46.7489024310303,19.6829443998911,132.155921398709,14.569088298396,83.4314810591548,7.1712734121275,84.7034960895407,6.95602026757434,10.5844678149132,58.3402484990356,3.12141124539975,2.05220053151109,2.71064010880346,0.0,0.413807281875649,0.0,30.8702978112426,3.12328367260955,6.95330730229945,4.13328864259299,4.67769773285937,0.0,5.26135359892083,8.37706521629606,25.8916920081336,1.78961977477375,52.4086060997933,1.89969903349317
ugt-64,0.0,1.62517425194004,1.05037135093628,5.46028491319667,2.77936138628198,0.262419692012864,2.72520186186707,14.5669208248408,3.42519885773598,0.985809418900849,7.59300071141166,4.93458745864404,6.60931887564341,12.1566334615626,6.26530005439651,6.28862249827007,19.3819234231588,0.883234219543974,6.08690583770072,7.98311515734648,5.53289945867969,5.34486087611057,0.805778883300505,0.0,3.19605503991859,3.03220932734307,3.01593682106322,0.0,0.0,19.1461916988706,7.87549055050045,18.183343153757,14.147001179961,5.22175379598668,92.3040305129909,15.956156738026,20.0394764775319,0.466697662944485,4.85406776940912,6.12973550296334,22.9251847142377,0.0,4.15875813785767,21.2856388611251,11.1972823824197,14.8350349544623,4.17036228567109,10.077997717343,0.0,4.6697443902805,10.7836980719399,23.1498362207669,27.3070388425587,10.0953934227921,16.8443292045432,12.5554217877955,55.5237246625576,11.7793106919205,5.89636107491428,13.8323977411175,12.1359330023697,12.0345510516007,53.0337012103389,0.291385751201244,13.0261316590021,13.5265111302585,5.56029100963674,0.0,10.3859013418215,8.19041766919613,0.0,1.79880528469162,117.799528121637,123.668179990655,9.65397849603938,81.3698133530406,26.0014121610383,0.0,0.881351138086133,18.5406614750285,0.0,14.4325863913649,20.8442195812238,8.28133739734506,4.4295840014904,60.9452418340332,39.1802537989856,0.0,0.0,9.14812249785262,60.965892664194,10.1678804925956,0.0,8.92201545670742,0.0,3.6124595392716,6.91553360440298,13.2824278192462,46.5336558721335,1.18636348575907,0.0,4.33256133182035,0.0,0.563224478532056,14.1349759561865,0.0,2.40091880275157,21.1669604362189,2.69829058153936,1.26629783377008,4.92944848082865,1.68017992168259,0.0,6.14616295300864,8.17745426851286,0.0,0.320516481443687,0.0,0.0,4.41028626623258,3.10486567265558,0.0,16.0605604626299,1.24648435171827,7.78851417155479,5.9726248558073,12.3365494313381,8.5048470316705,0.0,0.0,2.63422509754881,7.26715982062905,4.36939933160738,6.58171877041359,10.7996528173913,7.1695170254722,74.1181091927155,10.8845594285151,2.32683292832415,2.07138260154885,6.99511170032906,5.62334640451462,7.59663497712985,9.90404560615003,70.0906466153676,0.0,0.0,3.13507050278188,14.5568304480495,9.25852795640498,1.6860178806544,4.13516152174569,2.62950105842374,0.874656123184705,3.88171256175871,2.82815210380293,4.22280573345262,5.69209226502556,18.2777613944013,4.96756975430226,12.6275842444465,10.3410409326622,10.4836817494956,4.79674618320743,2.55112914409939,0.0,6.50272218027705,11.3609271902049,0.0,15.2492090417806,13.7615179338306,1.16627232310132,7.79479107372101,13.639436555471,11.7660579970248,13.8063208733854,14.2468470760228,7.06882718726729,15.2130827240758,4.31899241433131
vab-3,22.8441585094703,5.21928412178086,5.2889103702791,6.58601238059957,4.16957037918871,8.93238934162313,0.0,12.5043572795711,0.0,0.0,7.02203200127963,21.1518332473386,0.0,0.0,21.7659020226419,0.0,185.228079285654,18.3116068990658,0.0,3.40983783572397,1.4779004312215,0.0,0.0,26.1424786231852,3.84790874626527,0.0,0.0,0.0,0.0,7.44526435191677,0.0,5.7697420525685,96.4336215489089,0.0,2.84088583231694,3.49036400852789,82.8679546902706,25.934575152196,0.874814552970701,2.87467440705743,3.80843693528186,15.5808334194154,117.593871440788,45.1602356207515,45.9870339389975,1.0533249369574,12.1359660757807,7.79613789000362,0.0,0.0,0.0,2.13892096068393,211.055506078793,1.22657203086635,21.8518449416368,11.4104086694698,6.2176808809383,7.86666847388621,0.0,41.0933813752846,64.1687614873037,36.4587129980656,82.5100222118731,0.0,107.110031261232,0.0,0.0,0.0,0.0,0.0,0.0,24.5720034868021,1.71884595479917,0.0,0.499965599962509,1.91833571331571,0.0,10.8222539650739,17.7655055077983,0.0,0.0,48.5016614648406,6.75169689798201,5.07599365273564,0.504831704333198,1.97651290363136,0.700395019233321,0.0,284.596802592272,196.852108316926,1.93116311682521,72.2395132784519,0.0,0.0,0.0,0.0,0.0,0.0,5.07260070628122,9.7683435609409,0.0,0.0,8.41046854395699,0.0,0.0,0.0,8.4851326403948,0.0,18.7782642755363,18.0681798777094,8.13478919865272,0.0,66.095163380069,18.6787487311171,0.0,0.0,0.0,17.4882048573243,0.0,270.515253851105,12.4854300828746,0.0,0.0,0.0,4.04274773841186,0.0,0.0,0.0,0.0,0.0,38.6129548938058,60.9146150270095,24.8273773311761,5.98549082426702,14.6668016975846,10.5951384685266,0.0,0.246732992859756,0.456776077914446,0.0123300109605547,0.0,1.56040262334909,0.11890504813504,0.150426299905573,0.0,483.680362486022,145.874576322979,0.0,283.187421045142,22.7562756642863,0.0,1.22344250526367,0.0,0.168027540190717,1.5021191488669,0.0,0.0,1.48902227094294,0.0,5.49157599348706,2.00879224166,217.643936229079,2.01469555735629,2.4011407622426,4.46588658677754,0.0,3.35752970874355,5.16059040122988,43.0006596856741,37.5073050235915,18.2053089959525,1.49929291364382,0.836096975409993,0.0,1.67954769872136,3.51231596292522,3.402263161656,0.0,0.0,0.0
