genotype,metric,n_recordings,n_particles,fold_change,fc_lo,fc_hi,p_raw,q,stars
T10C6.6,speed,3,189,0.6998,0.5343,0.8654,0.0009,0.0033,**
sqv-7,speed,3,228,0.7520,0.6336,0.8704,0.0002,0.0008,***
ser-3,speed,3,370,0.8454,0.7513,0.9395,0.0023,0.0069,**
bas-1,speed,4,423,0.9348,0.8373,1.0323,0.1963,0.2409,
tph-1+cest-2.1,speed,3,473,0.7999,0.7071,0.8927,0.0001,0.0008,***
TO5A1.5,speed,3,220,0.6471,0.5271,0.7670,0.0000,0.0000,***
ctg-1,speed,3,466,0.8787,0.7856,0.9718,0.0141,0.0318,*
octr-1+ser-6,speed,3,186,0.8553,0.7615,0.9491,0.0040,0.0098,**
tph-1,speed,3,417,0.8258,0.7306,0.9211,0.0008,0.0033,**
bas-1+cest-2.1,speed,3,267,0.8419,0.7477,0.9361,0.0019,0.0065,**
mec-10,speed,3,463,0.8850,0.7917,0.9783,0.0197,0.0409,*
octr-1+ser-3+ser-6,speed,3,287,0.9049,0.8110,0.9988,0.0529,0.0806,
tyra-2,speed,3,479,0.9031,0.8109,0.9954,0.0453,0.0764,
ser-6,speed,3,155,0.9034,0.8074,0.9994,0.0538,0.0806,
tdc-1,speed,3,370,0.8519,0.7567,0.9471,0.0038,0.0098,**
tbh-1,speed,3,409,0.7383,0.6193,0.8572,0.0001,0.0008,***
slc.17.1a,speed,3,370,0.9416,0.8395,1.0437,0.2679,0.3014,
fcmt-1,speed,3,219,0.7396,0.6345,0.8448,0.0000,0.0002,***
nhr-49,speed,3,188,0.9386,0.8449,1.0323,0.2053,0.2410,
gba-4,speed,3,272,,,,,,
glo-1,speed,3,113,,,,,,
cest-1.2,speed,3,331,,,,,,
ugt-31+ugt-64,speed,3,718,0.9281,0.8350,1.0211,0.1367,0.1942,
octr-1,speed,3,451,0.9896,0.8972,1.0820,0.8266,0.8266,
ser-2,speed,3,253,1.0398,0.9446,1.1349,0.4167,0.4500,
tdc-1+tbh-1,speed,3,343,0.9647,0.8187,1.1107,0.6377,0.6623,
cest-2.1,speed,3,342,0.8871,0.7826,0.9916,0.0396,0.0741,
ugt-31,speed,3,614,1.0695,0.9763,1.1626,0.1510,0.2038,
cest2.1 + tbh-1,speed,3,351,0.8871,0.7817,0.9926,0.0411,0.0741,
cat-1,speed,3,262,0.9248,0.8199,1.0297,0.1664,0.2139,
ugt-64,speed,3,208,,,,,,
T10C6.6,reversal_rate,3,189,1.1025,-1.7315,3.9365,0.9437,0.9437,
sqv-7,reversal_rate,3,228,3.2865,1.2479,5.3252,0.0318,0.6627,
ser-3,reversal_rate,3,370,1.9647,0.4197,3.5098,0.2275,0.7366,
bas-1,reversal_rate,4,423,-0.6145,-2.1764,0.9474,0.0491,0.6627,
tph-1+cest-2.1,reversal_rate,3,473,1.4799,0.0408,2.9190,0.5174,0.8580,
TO5A1.5,reversal_rate,3,220,1.5424,-0.4933,3.5781,0.6035,0.8728,
ctg-1,reversal_rate,3,466,1.0731,-0.3794,2.5255,0.9220,0.9437,
octr-1+ser-6,reversal_rate,3,186,2.1330,0.5400,3.7260,0.1689,0.7366,
tph-1,reversal_rate,3,417,1.8665,0.3387,3.3944,0.2728,0.7366,
bas-1+cest-2.1,reversal_rate,3,267,2.0049,0.4733,3.5366,0.2049,0.7366,
mec-10,reversal_rate,3,463,1.3065,-0.1777,2.7908,0.6877,0.8842,
octr-1+ser-3+ser-6,reversal_rate,3,287,2.0765,0.5005,3.6525,0.1866,0.7366,
tyra-2,reversal_rate,3,479,0.5087,-0.9550,1.9724,0.5144,0.8580,
ser-6,reversal_rate,3,155,2.1119,0.4039,3.8199,0.2066,0.7366,
tdc-1,reversal_rate,3,370,1.3909,-0.1175,2.8993,0.6142,0.8728,
tbh-1,reversal_rate,3,409,1.6367,-0.3149,3.5884,0.5256,0.8580,
slc.17.1a,reversal_rate,3,370,1.2093,-0.5120,2.9306,0.8126,0.9437,
fcmt-1,reversal_rate,3,219,1.5604,-0.2218,3.3425,0.5402,0.8580,
nhr-49,reversal_rate,3,188,1.3435,-0.2568,2.9437,0.6756,0.8842,
gba-4,reversal_rate,3,272,,,,,,
glo-1,reversal_rate,3,113,,,,,,
cest-1.2,reversal_rate,3,331,,,,,,
ugt-31+ugt-64,reversal_rate,3,718,0.9139,-0.5056,2.3334,0.9060,0.9437,
octr-1,reversal_rate,3,451,1.5096,0.0403,2.9788,0.5005,0.8580,
ser-2,reversal_rate,3,253,1.1511,-0.4165,2.7186,0.8510,0.9437,
tdc-1+tbh-1,reversal_rate,3,343,-0.3517,-2.6155,1.9120,0.2493,0.7366,
cest-2.1,reversal_rate,3,342,1.7623,0.0391,3.4855,0.3901,0.8580,
ugt-31,reversal_rate,3,614,0.1699,-1.2647,1.6045,0.2643,0.7366,
cest2.1 + tbh-1,reversal_rate,3,351,1.5998,-0.1802,3.3798,0.5119,0.8580,
cat-1,reversal_rate,3,262,1.2269,-0.5343,2.9881,0.8016,0.9437,
ugt-64,reversal_rate,3,208,,,,,,
T10C6.6,pirouette_rate,3,189,2.4577,-0.1926,5.1081,0.2862,0.7487,
sqv-7,pirouette_rate,3,228,3.7064,1.8028,5.6100,0.0075,0.0925,
ser-3,pirouette_rate,3,370,3.1816,1.6967,4.6666,0.0061,0.0925,
bas-1,pirouette_rate,4,423,-0.0785,-1.5945,1.4374,0.1706,0.6001,
tph-1+cest-2.1,pirouette_rate,3,473,1.6195,0.1985,3.0406,0.3981,0.7678,
TO5A1.5,pirouette_rate,3,220,2.3350,0.4213,4.2488,0.1778,0.6001,
ctg-1,pirouette_rate,3,466,1.5269,0.0974,2.9565,0.4743,0.7788,
octr-1+ser-6,pirouette_rate,3,186,1.7906,0.2917,3.2895,0.3063,0.7487,
tph-1,pirouette_rate,3,417,1.1227,-0.3632,2.6085,0.8722,0.9626,
bas-1+cest-2.1,pirouette_rate,3,267,1.4661,-0.0079,2.9401,0.5387,0.7788,
mec-10,pirouette_rate,3,463,1.2048,-0.2418,2.6514,0.7828,0.9607,
octr-1+ser-3+ser-6,pirouette_rate,3,287,2.7430,1.2479,4.2381,0.0268,0.1812,
tyra-2,pirouette_rate,3,479,2.1470,0.7180,3.5761,0.1234,0.5554,
ser-6,pirouette_rate,3,155,2.7487,1.1715,4.3259,0.0340,0.1836,
tdc-1,pirouette_rate,3,370,3.0216,1.5498,4.4934,0.0103,0.0925,
tbh-1,pirouette_rate,3,409,2.1252,0.2561,3.9943,0.2443,0.7330,
slc.17.1a,pirouette_rate,3,370,1.1385,-0.4942,2.7711,0.8687,0.9626,
fcmt-1,pirouette_rate,3,219,1.7901,0.1126,3.4677,0.3605,0.7487,
nhr-49,pirouette_rate,3,188,1.3417,-0.1603,2.8436,0.6576,0.8878,
gba-4,pirouette_rate,3,272,,,,,,
glo-1,pirouette_rate,3,113,,,,,,
cest-1.2,pirouette_rate,3,331,,,,,,
ugt-31+ugt-64,pirouette_rate,3,718,1.6868,0.2721,3.1016,0.3475,0.7487,
octr-1,pirouette_rate,3,451,1.0564,-0.3757,2.4885,0.9388,0.9626,
ser-2,pirouette_rate,3,253,0.5366,-0.9640,2.0371,0.5480,0.7788,
tdc-1+tbh-1,pirouette_rate,3,343,1.0538,-1.1812,3.2887,0.9626,0.9626,
cest-2.1,pirouette_rate,3,342,1.6235,-0.0226,3.2696,0.4617,0.7788,
ugt-31,pirouette_rate,3,614,0.5385,-0.8843,1.9613,0.5288,0.7788,
cest2.1 + tbh-1,pirouette_rate,3,351,1.3379,-0.3473,3.0231,0.6961,0.8950,
cat-1,pirouette_rate,3,262,0.9140,-0.7522,2.5801,0.9198,0.9626,
ugt-64,pirouette_rate,3,208,,,,,,
