,gene_name,ADA,ADE,ADF,ADL,AFD,AIA,AIB,AIM,AIN,AIY,AIZ,ALA,ALM,ALN_PLN,AQR,AS,AS11,ASEL,ASER,ASG,ASH,ASI,ASJ,ASK,AUA,AVA,AVB,AVD,AVE,AVF,AVG,AVH,AVJ,AVK,AVL,AVM,AWA,AWB,AWC_OFF,AWC_ON,BAG,BDU,CAN,CEP,DA,DA1,DA9,DB,DB01,DD,DVA,DVB,DVC,FLP,HSN,I1,I2,I3,I4,I5,I6,IL1_DV,IL1_LR,IL2_DV,IL2_LR,LUA,M1,M2,M3,M4,M5,MC,MI,NSM,OLL,OLQ,PDA,PDB,PDE,PHA,PHB,PHC,PLM,PQR,PVC,PVD,PVM,PVN,PVP,PVQ,PVR,PVT,PVW,RIA,RIB,RIC,RID,RIF,RIG,RIH,RIM,RIP,RIR,RIS,RIV,RMD_DV,RMD_LR,RME_DV,RME_LR,RMF,RMG,RMH,SAA,SAB,SDQL,SDQR,SIA,SIB,SMB,SMD,URA,URB,URX,URY,VA,VA1,VA12,VB,VB01,VB02,VC,VC_4_5,VD
WBGene000065612,tcl-2,0.0,0.0,0.0,0.0,8.689833221,0.0,0.0,0.0,0.0,0.0,0.0,0.0,0.0,0.0,0.0,0.0,0.0,0.0,97.49111658,0.0,5.062873862,0.0,0.0,0.0,0.0,0.0,0.0,0.0,0.0,5.894374313,0.0,0.0,0.0,0.0,11.67836286,0.0,24.10269759,0.0,0.0,0.0,0.0,0.0,0.0,0.0,0.0,0.0,0.0,0.0,0.0,0.0,0.0,0.0,0.0,0.0,0.0,0.0,0.0,0.0,9.813610653,27.26069614,42.39404213,20.29845756,14.36244224,0.0,0.0,0.0,0.0,0.0,29.8393026,7.103480849,0.0,0.0,0.0,55.47966505,0.0,0.0,0.0,0.0,0.0,0.0,0.0,0.0,0.0,0.0,0.0,27.48918032,0.0,0.0,0.0,0.0,0.0,0.0,0.0,0.0,0.0,0.0,0.0,0.0,0.0,0.0,0.0,0.0,0.0,0.0,0.0,0.0,0.0,54.77787366,0.0,0.0,0.0,0.0,0.0,0.0,0.0,0.0,0.0,0.0,0.0,0.0,0.0,0.0,0.0,0.0,0.0,0.0,0.0,0.0,0.0,0.0,12.8871258,0.0,0.0
WBGene000211602,gba-4,0.0,9.663959959,0.0,0.0,6.45358564,2.86911912,0.0,4.725637135,0.0,1.338514848,0.0,0.0,2.89009437,5.354178442,0.0,5.862224497,0.0,6.911710637,0.0,3.762751597,0.0,2.40586509,18.01645861,0.0,0.0,0.0,8.294711021,0.0,2.785463528,0.0,14.56389409,0.0,0.0,0.0,0.0,0.0,7.094823928,10.90461113,2.593598909,0.0,0.0,4.216763673,0.0,0.0,0.0,57.7335061,0.0,6.715461746,0.0,13.38152451,0.0,0.0,8.600636027,0.0,2.832193285,11.85327234,0.0,13.69662501,4.513724034,9.502806607,9.170577206,0.0,0.0,4.619579421,0.0,60.06175279,0.0,2.343039841,4.008032331,0.0,0.0,0.0,0.796946206,0.0,0.0,9.949384431,0.0,0.0,0.0,0.0,0.0,35.37014559,0.0,0.0,7.238016484,10.42437723,0.0,0.0,3.44152517,0.0,0.0,0.0,6.883132271,5.117838809,0.0,0.0,0.0,0.0,5.241012775,6.106300595,0.0,4.077973394,6.854384955,0.0,0.0,0.0,2.144045555,5.956442396,11.2645201,5.076562253,0.0,5.171802547,0.0,11.90874676,12.36097417,8.66362057,0.0,0.0,2.531871828,6.043553081,5.254801385,0.0,0.0,0.0,9.68967522,0.0,0.0,0.0,0.0,9.832688708,3.568788305,0.0,10.36327865
WBGene000169532,C55C3.3,,,,,,,,,,,,,,,,,,,,,,,,,,,,,,,,,,,,,,,,,,,,,,,,,,,,,,,,,,,,,,,,,,,,,,,,,,,,,,,,,,,,,,,,,,,,,,,,,,,,,,,,,,,,,,,,,,,,,,,,,,,,,,,,,,,,,
WBGene000183352,F42A9.6,0.0,0.0,0.0,0.0,206.778749,0.0,0.0,0.0,0.0,0.0,0.0,0.0,0.0,0.0,40.58634099,72.36135342,0.0,35.63417569,85.0484542,0.0,0.0,0.0,0.0,0.0,130.5468731,116.7862873,35.83177651,0.0,31.53824116,0.0,0.0,0.0,0.0,0.0,0.0,0.0,0.0,0.0,0.0,0.0,239.9435828,0.0,0.0,0.0,0.0,0.0,49.68851332,0.0,0.0,73.27575928,0.0,74.64122869,32.30101952,0.0,288.7186059,237.3859865,72.21518673,0.0,52.88830934,0.0,0.0,89.36472014,0.0,0.0,0.0,0.0,0.0,0.0,89.87733564,0.0,0.0,0.0,0.0,367.6828015,0.0,65.03504787,46.62955463,130.1627088,0.0,23.3471087,0.0,0.0,65.75021234,67.74121492,0.0,0.0,0.0,0.0,0.0,0.0,97.17614448,22.79695105,100.7002859,0.0,90.88270634,333.7228446,14.43459055,0.0,0.0,0.0,0.0,0.0,0.0,175.6764429,0.0,180.9225722,0.0,0.0,0.0,0.0,0.0,0.0,0.0,0.0,0.0,0.0,0.0,0.0,0.0,0.0,0.0,0.0,0.0,150.0902859,46.54938178,0.0,28.87720424,0.0,0.0,36.8218521,44.08179072,206.6142554,135.7831703
WBGene000003972,cdh-5,0.0,0.0,0.0,0.0,0.0,0.0,30.32204166,0.0,0.0,58.29194875,0.0,0.0,0.0,0.0,0.0,0.0,0.0,0.0,0.0,0.0,19.63583321,7.493047495,0.0,0.0,0.0,0.0,0.0,0.0,0.0,0.0,0.0,0.0,0.0,0.0,0.0,0.0,0.0,0.0,0.0,0.0,0.0,0.0,0.0,0.0,0.0,0.0,0.0,0.0,0.0,0.0,0.0,0.0,0.0,0.0,0.0,0.0,0.0,0.0,0.0,0.0,0.0,0.0,9.651195263,27.42354361,23.05053126,0.0,18.41233037,0.0,0.0,0.0,0.0,0.0,0.0,0.0,0.0,0.0,0.0,0.0,0.0,8.538464363,8.979296045,0.0,0.0,0.0,0.0,0.0,0.0,0.0,0.0,0.0,0.0,0.0,0.0,0.0,0.0,0.0,0.0,0.0,0.0,0.0,14.94323661,0.0,0.0,0.0,0.0,0.0,0.0,0.0,0.0,0.0,0.0,0.0,0.0,0.0,0.0,0.0,0.0,0.0,0.0,0.0,0.0,0.0,0.0,0.0,0.0,0.0,0.0,0.0,0.0,0.0,0.0,0.0,0.0
WBGene000106792,K08F4.5,,,,,,,,,,,,,,,,,,,,,,,,,,,,,,,,,,,,,,,,,,,,,,,,,,,,,,,,,,,,,,,,,,,,,,,,,,,,,,,,,,,,,,,,,,,,,,,,,,,,,,,,,,,,,,,,,,,,,,,,,,,,,,,,,,,,,
WBGene000119522,T23F6.5,0.0,0.0,0.0,0.0,94.35128283,0.0,0.0,0.0,0.0,0.0,0.0,0.0,0.0,0.0,0.0,0.0,0.0,0.0,0.0,0.0,0.0,0.0,0.0,0.0,0.0,0.0,0.0,0.0,0.0,0.0,0.0,0.0,0.0,0.0,0.0,0.0,0.0,0.0,0.0,0.0,0.0,0.0,0.0,0.0,0.0,0.0,0.0,0.0,18.30173203,0.0,0.0,0.0,0.0,0.0,0.0,0.0,0.0,0.0,0.0,0.0,0.0,0.0,0.0,0.0,0.0,0.0,0.0,0.0,0.0,0.0,0.0,0.0,0.0,0.0,0.0,0.0,0.0,0.0,0.0,0.0,0.0,0.0,0.0,0.0,0.0,0.0,0.0,0.0,0.0,0.0,0.0,0.0,0.0,0.0,0.0,0.0,0.0,0.0,0.0,0.0,0.0,0.0,0.0,0.0,0.0,0.0,0.0,0.0,0.0,0.0,0.0,0.0,0.0,0.0,0.0,0.0,0.0,0.0,0.0,0.0,0.0,0.0,0.0,0.0,0.0,0.0,0.0,0.0,16.88477594,145.1461958,0.0,0.0,0.0
WBGene000043482,rgs-5,21.05700487,8.649309734,43.63928006,26.9145873,6.82900859,18.52596528,4.789455252,0.0,33.51082352,0.0,8.047614211,0.0,29.05447168,9.837972922,13.68397925,48.02006704,14.93959602,52.17042504,11.33820952,14.32162416,33.81845456,46.64557667,35.62655454,10.20973617,10.41314509,29.34030903,26.5781342,40.17508677,23.32542438,14.33525036,70.38536381,43.52379394,50.2541086,34.55220697,16.69168709,91.75261307,15.75815221,29.77969127,14.52740237,4.329184745,4.184343867,23.31746032,14.37628691,14.98088116,20.27838709,0.0,53.23115373,0.0,19.62704946,34.24912434,0.0,76.90087441,26.21457646,64.28295666,36.43638646,0.0,41.59316758,0.0,55.25353348,22.25518039,15.40835358,23.90643015,40.46321099,45.25255555,13.55996216,30.29971165,25.81711819,70.59743204,67.51897657,36.05455362,74.02832872,26.2568085,7.789251161,21.19003662,21.17853937,15.14763657,36.07991107,37.27940025,19.22218113,15.07420492,23.28242447,22.41355903,0.0,0.0,45.28237398,71.56026086,12.89094712,24.93523331,12.11897644,22.07324713,50.94691019,0.0,31.62056264,21.9013358,52.68540229,16.60315966,13.21253738,0.0,15.82681995,19.83769842,37.43291969,10.77073584,18.62909085,26.85389278,10.91932776,34.6211567,28.09313153,12.02026946,0.0,39.75589504,11.92103459,31.42094359,12.87574325,35.58384854,14.85630451,14.97944689,17.10358218,18.45231355,8.205326817,29.13712294,27.63475094,5.279968608,25.33538718,33.04451473,36.17284319,49.9602685,0.0,19.25780706,20.40241889,12.1349768,15.90595657,0.0,21.56299871
WBGene000064982,ten-1,0.0,709.7761526,361.0234427,0.0,0.0,0.0,0.0,691.2747199,0.0,156.0638847,224.3067481,0.0,0.0,0.0,80.20457791,0.0,0.0,0.0,0.0,0.0,0.0,0.0,0.0,0.0,0.0,0.0,0.0,682.6966246,643.7792837,0.0,0.0,0.0,0.0,0.0,678.566328,0.0,0.0,459.1749626,0.0,0.0,0.0,178.565287,282.5450689,0.0,0.0,0.0,0.0,0.0,0.0,0.0,652.000313,81.3449248,758.4367009,263.8307702,0.0,505.0123524,0.0,0.0,0.0,326.5031057,749.4698346,0.0,0.0,0.0,0.0,243.859414,0.0,0.0,0.0,0.0,0.0,0.0,0.0,104.5342085,0.0,1404.293012,0.0,0.0,1195.054378,0.0,0.0,223.0922692,0.0,241.6415087,758.1648578,54.19283315,59.99022631,165.3367501,0.0,0.0,574.5020965,213.4425736,109.6131016,469.3720186,0.0,0.0,0.0,0.0,64.47614826,497.0638937,0.0,0.0,1046.600392,0.0,0.0,1940.426811,319.8392203,805.9138654,0.0,579.239777,0.0,1230.895216,0.0,0.0,0.0,0.0,0.0,290.070368,1051.692491,196.4652936,0.0,107.5552954,1459.226559,525.8831676,0.0,0.0,0.0,0.0,0.0,0.0,0.0,145.4317356,0.0
WBGene000191972,H14A12.5,,,,,,,,,,,,,,,,,,,,,,,,,,,,,,,,,,,,,,,,,,,,,,,,,,,,,,,,,,,,,,,,,,,,,,,,,,,,,,,,,,,,,,,,,,,,,,,,,,,,,,,,,,,,,,,,,,,,,,,,,,,,,,,,,,,,,
WBGene000135592,Y75B8A.28,,,,,,,,,,,,,,,,,,,,,,,,,,,,,,,,,,,,,,,,,,,,,,,,,,,,,,,,,,,,,,,,,,,,,,,,,,,,,,,,,,,,,,,,,,,,,,,,,,,,,,,,,,,,,,,,,,,,,,,,,,,,,,,,,,,,,
WBGene000201602,igcm-3,0.0,0.0,0.0,44.7844154,0.0,0.0,0.0,0.0,16.32691331,0.0,73.30032436,0.0,0.0,0.0,0.0,0.0,0.0,0.0,37.81169257,0.0,0.0,0.0,0.0,0.0,0.0,0.0,0.0,0.0,0.0,135.6301416,0.0,0.0,0.0,46.58014983,0.0,0.0,0.0,0.0,0.0,29.12415676,9.545588728,0.0,0.0,10.60895779,28.07090082,0.0,0.0,0.0,0.0,0.0,59.86894935,0.0,18.42993434,17.57302233,34.04217211,0.0,26.31084733,0.0,0.0,11.42737949,127.3488778,0.0,24.79175608,0.0,16.14589164,30.26253409,0.0,0.0,15.73027495,0.0,36.90577455,0.0,0.0,54.87304166,20.62962016,0.0,0.0,0.0,0.0,8.177327991,11.67375753,28.23526267,0.0,16.39413351,0.0,33.79345552,0.0,0.0,0.0,107.5801062,97.44815175,0.0,11.78704195,0.0,0.0,0.0,0.0,40.22879719,0.0,0.0,0.0,0.0,0.0,20.36923055,36.76029699,20.61322258,17.16390911,0.0,0.0,0.0,0.0,31.3363126,0.0,0.0,0.0,0.0,0.0,23.64872804,0.0,0.0,39.47523897,0.0,11.65501106,0.0,0.0,0.0,0.0,0.0,10.9345933,0.0,0.0,26.83882817,0.0
WBGene000452652,K10C2.8,17.21134576,0.0,3.112030498,0.0,5.657638839,0.0,0.0,0.0,0.0,0.0,0.0,15.07104526,5.485073471,0.0,0.0,12.93563795,0.0,0.0,0.0,0.0,0.0,0.0,2.048796373,0.0,5.886973222,7.816044392,0.0,12.82306937,0.0,0.0,12.3686042,4.804359201,0.0,0.0,0.0,0.0,4.266795039,0.0,13.02606019,0.0,0.0,8.623986141,0.0,2.598576325,10.46819668,0.0,0.0,0.0,10.41009158,5.414653126,4.863781588,27.39914563,0.0,5.588034553,0.0,13.39493506,0.0,56.78893058,0.0,0.0,0.0,0.0,0.0,0.0,0.0,0.0,0.0,0.0,0.0,5.293149684,0.0,3.805283916,10.21485997,7.865900784,20.27099834,3.063234565,0.0,0.0,0.0,9.20369222,0.0,0.0,10.33616094,0.0,2.820545105,0.0,0.0,0.0,21.2311526,9.700062389,36.18481234,0.0,0.0,0.0,9.486461591,4.383902031,0.0,3.304398555,3.935056011,0.0,0.0,0.0,0.0,0.0,5.772395072,0.0,0.0,7.847110909,0.0,6.745165059,0.0,0.0,0.0,7.233519682,0.0,13.1669877,15.19613067,7.733591553,0.0,0.0,4.992061316,3.44113561,0.850195418,9.976923255,9.381902869,22.18000402,0.0,0.0,0.0,0.0,0.0,0.0,0.0
WBGene000194902,K07E3.1,29.87058022,38.12676083,65.9533152,35.04483496,26.92709316,21.6034461,11.10030955,13.41610106,51.68940238,0.0,0.0,52.67151326,58.3120247,30.82471638,23.61592009,52.56655697,21.17454938,72.92513681,97.90544654,77.32082098,22.14473284,64.34664533,50.45740341,16.01020286,26.60786628,85.27126455,64.67511312,33.16085744,90.63588241,32.92990781,24.65832586,59.28362241,50.49170298,17.64575456,22.4140789,110.0102925,21.89355202,60.44951458,25.60359112,0.0,12.25893606,12.47104996,91.25602612,86.82522981,101.6901244,148.5582327,153.6226369,67.21159278,17.0970554,51.18282271,31.58442929,0.0,17.38305564,80.26818237,83.78227555,56.2099256,30.25544295,191.4673714,48.50781392,62.04235153,59.00824524,32.89473726,19.02353345,67.85483281,52.67815434,0.0,22.31280962,44.45739825,114.4592192,36.44727345,77.0366533,44.86914958,37.89291816,181.1200711,16.04235782,73.24027393,71.79399999,123.4461296,33.46388279,0.0,62.55175065,0.0,62.88086343,0.0,37.39635499,0.0,45.87288406,59.40243061,0.0,22.06194361,119.6510655,41.74222759,27.95087535,42.54073488,9.045389338,26.5398125,15.33086223,0.0,21.37360784,37.47916282,87.62928276,29.85742133,21.04117494,37.93304999,0.0,35.87591734,45.15865683,23.1875977,0.0,83.53197894,27.11248395,31.45214437,47.893371,64.04749379,70.44146326,39.83860147,75.01676916,76.76585347,65.49606775,34.76248793,110.6920169,55.60572645,18.38668767,47.76793301,101.0958045,0.0,143.3090386,66.5836453,93.93939345,61.50059404,65.12960545,41.82576099,45.95936038
WBGene000068702,vab-3,888.3915387,0.0,0.0,0.0,0.0,0.0,0.0,0.0,0.0,0.0,0.0,0.0,0.0,0.0,0.0,0.0,471.4098473,0.0,0.0,0.0,0.0,0.0,0.0,987.3939409,0.0,0.0,0.0,0.0,0.0,0.0,0.0,0.0,0.0,0.0,0.0,0.0,0.0,0.0,0.0,0.0,574.7186736,0.0,0.0,768.8381397,0.0,0.0,0.0,0.0,0.0,0.0,0.0,0.0,0.0,0.0,0.0,0.0,0.0,0.0,0.0,0.0,0.0,0.0,0.0,0.0,0.0,0.0,0.0,0.0,0.0,0.0,0.0,0.0,0.0,0.0,549.2104193,719.9351266,0.0,0.0,0.0,0.0,0.0,0.0,0.0,0.0,0.0,0.0,0.0,0.0,0.0,0.0,0.0,0.0,0.0,0.0,0.0,0.0,0.0,133.7993279,0.0,0.0,0.0,0.0,0.0,0.0,1057.059351,0.0,0.0,0.0,0.0,0.0,0.0,0.0,0.0,0.0,0.0,0.0,0.0,204.2327314,170.0400583,0.0,1604.404402,722.2904242,0.0,991.0131609,0.0,0.0,0.0,0.0,0.0,0.0,0.0,0.0,0.0
WBGene000444142,C06A5.12,0.0,0.0,0.0,0.0,0.0,0.0,0.0,0.0,0.0,0.0,0.0,0.0,0.0,0.0,0.0,0.0,0.0,0.0,0.0,0.0,0.0,68.22328876,0.0,0.0,0.0,0.0,0.0,0.0,0.0,0.0,0.0,0.0,0.0,0.0,0.0,0.0,0.0,0.0,0.0,0.0,0.0,0.0,0.0,0.0,0.0,0.0,0.0,0.0,0.0,0.0,0.0,0.0,0.0,0.0,0.0,0.0,0.0,0.0,0.0,0.0,0.0,0.0,0.0,0.0,0.0,0.0,0.0,0.0,0.0,0.0,0.0,0.0,0.0,0.0,0.0,0.0,0.0,0.0,0.0,0.0,0.0,0.0,0.0,0.0,0.0,0.0,0.0,0.0,0.0,0.0,0.0,0.0,0.0,0.0,0.0,0.0,0.0,0.0,0.0,0.0,0.0,0.0,0.0,0.0,0.0,0.0,0.0,0.0,0.0,0.0,0.0,0.0,0.0,0.0,0.0,0.0,0.0,0.0,0.0,0.0,0.0,0.0,0.0,0.0,0.0,0.0,0.0,0.0,9.601134721,0.0,0.0,0.0,0.0
WBGene000203492,T08B2.11,,,,,,,,,,,,,,,,,,,,,,,,,,,,,,,,,,,,,,,,,,,,,,,,,,,,,,,,,,,,,,,,,,,,,,,,,,,,,,,,,,,,,,,,,,,,,,,,,,,,,,,,,,,,,,,,,,,,,,,,,,,,,,,,,,,,,
WBGene000103702,ctg-1,25.55855697,31.01424342,0.0,0.0,19.60937163,0.0,0.0,0.0,22.66328481,0.0,25.13065219,0.0,46.7183057,0.0,7.541669669,71.81098292,70.99448359,0.0,8.773815328,0.0,0.0,0.0,0.0,0.0,15.3062942,18.64405548,0.0,22.05836571,0.0,6.866984769,6.805375174,0.0,57.51381904,0.0,0.0,16.37335242,5.928633234,31.80898882,0.0,0.0,0.0,0.0,90.47044962,27.75182294,35.19322786,0.0,0.0,26.95243411,0.0,56.52236758,11.6517582,0.0,0.0,32.77706989,62.85569245,54.41010791,83.42979983,68.14438937,0.0,0.0,28.89772408,18.18337898,0.0,11.44281706,0.0,69.36580847,12.52589759,26.40309801,0.0,0.0,58.02681433,46.87755068,10.17668025,12.93406032,22.23677828,47.53461898,0.0,40.52200339,0.0,23.2102379,0.0,39.81741889,29.23698584,31.29350778,92.9219351,92.38009008,0.0,68.3241102,17.33214284,9.739987416,0.0,0.0,22.71069263,20.31550762,21.20510222,0.0,0.0,50.76052993,0.0,0.0,30.96720114,34.61924666,0.0,0.0,60.19529637,35.59741432,46.8134514,53.06680595,57.79460401,14.01231855,0.0,8.176482291,45.29027429,86.1050411,74.77658064,0.0,19.7249646,35.53049807,0.0,23.24967947,76.18223521,25.16462073,30.22664144,13.42536344,40.69656856,100.7098491,0.0,14.52232275,25.65740016,49.69771515,17.10057176,22.00249419,54.51864195
WBGene000201832,T03D3.5,,,,,,,,,,,,,,,,,,,,,,,,,,,,,,,,,,,,,,,,,,,,,,,,,,,,,,,,,,,,,,,,,,,,,,,,,,,,,,,,,,,,,,,,,,,,,,,,,,,,,,,,,,,,,,,,,,,,,,,,,,,,,,,,,,,,,
WBGene000155772,ugt-64,0.0,16.70575135,0.0,9.252283918,2.362896221,6.18111653,4.895153462,1.425785418,0.0,1.231974474,12.13882994,0.0,0.0,10.98302657,0.0,2.881499084,0.0,0.0,4.112189376,3.013545946,0.0,1.535053253,5.511347992,2.086844058,3.676509728,0.0,0.0,0.0,0.0,4.001357719,0.0,2.734827593,2.618907368,4.646056983,8.456645303,10.39637789,13.34481154,2.273671771,11.83013494,0.0,10.63051156,0.0,6.025213575,0.0,0.0,23.90586151,0.0,3.848926512,0.0,0.0,4.925438498,0.0,0.0,12.25642245,2.343679499,7.361209467,13.25164604,0.0,0.0,4.934118991,19.47304703,7.473202775,0.0,4.939343214,1.845555046,0.0,0.0,3.507394502,6.104858851,0.0,9.183202983,20.30985065,1.56003522,8.308122478,6.084725905,0.0,0.0,0.0,0.0,6.003607755,0.0,26.63869749,0.0,0.0,0.0,14.5148227,0.0,0.0,0.0,0.0,18.22503172,0.0,0.0,0.0,0.0,0.0,0.0,11.0985603,0.0,0.0,0.0,3.80739696,5.545899332,0.0,0.0,0.0,0.0,7.591226858,0.0,12.96961957,4.053666905,6.997144622,3.201081357,0.0,0.0,0.0,0.0,11.49960786,0.0,3.755858385,0.0,8.607435859,1.902230568,14.23229337,11.92703381,0.0,0.0,0.0,0.0,0.0,4.976920432,11.44166859,0.0
WBGene000037652,nlp-27,35.85276777,32.72760291,0.0,0.0,20.09303422,0.0,0.0,0.0,0.0,0.0,0.0,0.0,58.37404378,0.0,37.30571805,169.2637233,123.302201,29.52103504,0.0,33.98815999,41.95605962,0.0,0.0,0.0,0.0,0.0,0.0,0.0,38.32153467,0.0,26.82906087,22.01502019,70.43676086,0.0,0.0,0.0,0.0,0.0,0.0,0.0,0.0,45.63275233,20.19938318,55.03183765,132.1370458,119.3413967,50.76827972,61.08849773,96.55563022,170.4685189,0.0,0.0,0.0,19.50624263,0.0,86.1904229,88.3608474,51.56384592,56.16501526,10.48187238,100.3743615,21.94412681,0.0,0.0,0.0,88.71254397,0.0,0.0,71.45654672,20.89982374,32.16390639,164.4972323,0.0,99.12758209,66.79104849,38.87460082,110.6132061,104.4336918,131.7012785,0.0,0.0,196.0532567,0.0,86.20835452,107.1632622,56.24495594,30.43022446,195.1227724,0.0,0.0,36.13402243,0.0,31.65386555,51.01231193,0.0,30.64240583,0.0,40.14657347,0.0,0.0,0.0,17.98384418,28.32679136,31.08777946,30.63734735,97.34103922,14.38593596,104.2982762,108.5252524,20.96169599,0.0,0.0,37.4469613,100.8926713,24.15764299,0.0,64.0883766,48.457824,0.0,13.96805543,55.28296412,22.65659742,22.67081551,88.503679,154.9735299,56.65933449,0.0,89.14452243,51.90140209,40.31273372,22.45175603,0.0,177.7800266
WBGene000003732,cyp-14A5,6.68132219,0.0,14.45660083,31.16457644,0.0,0.0,0.0,0.0,0.0,0.0,0.0,0.0,0.0,0.0,5.580527522,18.32839462,0.0,3.556422537,0.0,0.0,21.50583088,11.18476197,31.96862353,29.58976547,0.0,8.640904668,0.0,5.610410288,0.0,15.94703241,29.46064252,5.89997324,0.0,0.0,0.0,0.0,0.0,8.200396417,26.23184837,10.79688244,0.0,0.0,12.70948582,0.0,0.0,0.0,19.27316462,0.0,13.81016182,0.0,0.0,0.0,10.83043055,0.0,0.0,0.0,78.9366243,17.12682034,0.0,0.0,0.0,0.0,0.0,0.0,0.0,19.56753393,0.0,0.0,0.0,0.0,4.55778402,0.0,0.0,0.0,10.65044117,0.0,0.0,17.65194136,17.48057412,82.66909698,78.12115907,0.0,6.241155106,0.0,10.99566715,7.681773218,7.646998535,0.0,0.0,3.663103729,0.0,0.0,0.0,0.0,0.0,0.0,0.0,7.747202861,6.348447837,0.0,4.789142905,0.0,21.22449345,0.0,0.0,0.0,0.0,0.0,0.0,0.0,0.0,0.0,0.0,0.0,0.0,0.0,0.0,0.0,0.0,0.0,0.0,0.0,0.0,0.0,0.0,0.0,0.0,0.0,0.0,9.963966261,0.0,0.0,14.11077425
WBGene000225902,ZC317.7,,,,,,,,,,,,,,,,,,,,,,,,,,,,,,,,,,,,,,,,,,,,,,,,,,,,,,,,,,,,,,,,,,,,,,,,,,,,,,,,,,,,,,,,,,,,,,,,,,,,,,,,,,,,,,,,,,,,,,,,,,,,,,,,,,,,,
WBGene000440112,T06E4.12,,,,,,,,,,,,,,,,,,,,,,,,,,,,,,,,,,,,,,,,,,,,,,,,,,,,,,,,,,,,,,,,,,,,,,,,,,,,,,,,,,,,,,,,,,,,,,,,,,,,,,,,,,,,,,,,,,,,,,,,,,,,,,,,,,,,,
WBGene000075362,daf-36,,,,,,,,,,,,,,,,,,,,,,,,,,,,,,,,,,,,,,,,,,,,,,,,,,,,,,,,,,,,,,,,,,,,,,,,,,,,,,,,,,,,,,,,,,,,,,,,,,,,,,,,,,,,,,,,,,,,,,,,,,,,,,,,,,,,,
WBGene000104072,scb-1,51.27121508,11.77259579,63.05157338,47.96087376,8.572129126,9.858661858,5.071358793,5.474665176,32.43305928,12.05192897,16.873449,0.0,0.0,23.17610926,6.163755587,49.78079234,31.2611151,60.09978084,21.16854587,16.00628828,5.710650009,26.63649777,14.59917692,6.696184272,31.65249831,33.67517868,18.83770804,26.07655574,13.9061086,25.47365627,43.36428886,27.24430714,39.93065494,0.0,18.4839173,0.0,46.75274906,42.00325333,72.38411558,85.5838173,0.0,59.40132635,84.72874313,36.18291755,38.33806192,0.0,38.29832895,38.77754387,22.51732753,29.5709518,0.0,0.0,8.033561124,26.91290805,50.50438037,66.61730328,37.24737285,23.74304922,23.68997369,21.27530802,41.61233067,56.16392764,27.96220141,39.88509914,13.09175515,0.0,21.38456701,27.67807697,28.94583157,22.60782348,38.35138482,15.40035275,7.645920091,60.22554725,25.12868005,43.98095633,29.42547544,25.63113994,55.87122275,9.784665054,44.6538973,96.99357179,0.0,55.1284593,40.20292022,14.31470291,10.29661645,0.0,7.009609481,57.04290532,22.8107817,46.99736763,51.22210344,38.00009213,41.10701617,17.68161866,0.0,41.77038867,19.60267191,23.06781506,61.09837158,30.93261555,28.4945084,2.406137568,38.7244453,60.17996485,32.31353747,0.0,0.0,42.10063673,0.0,12.54996832,75.53538564,40.79627386,0.0,16.04664564,13.34264672,40.43163087,39.90216044,54.89752662,43.46280905,36.23989983,32.70555156,17.63376281,13.38733064,53.15785867,0.0,40.15854806,20.22904837,11.22257253,39.5292602,24.16053714,20.91428198
WBGene000113302,T01D3.6,0.0,0.0,0.0,0.0,0.0,1.521531665,4.693708392,3.164670636,1.05854008,3.793559395,2.760191551,0.0,0.0,0.0,0.0,2.907044289,0.0,0.0,0.0,0.0,0.0,3.67816361,0.0,7.98441076,0.0,5.503747746,1.244796008,1.362282526,0.0,7.572949931,0.0,7.178688146,3.447284748,3.122759612,0.0,8.959841347,0.0,4.434378323,0.0,0.0,0.0,0.0,0.0,9.914972632,0.0,27.72316474,89.60985354,0.0,0.0,10.28341479,0.0,0.0,0.0,0.0,2.210901872,10.73554784,7.699515629,0.0,0.0,6.103685869,10.39142804,18.40466516,26.83086554,5.552950866,0.0,0.0,9.726765452,9.014954871,0.0,0.0,5.519318908,19.72179311,23.97458589,0.0,0.0,3.369087478,0.0,0.0,0.0,0.0,0.0,0.0,9.947756612,0.0,2.685866963,0.0,0.0,0.0,6.667626627,0.0,0.0,0.0,0.0,4.029926923,0.0,0.0,2.974797574,4.787192598,2.424124947,0.0,0.0,10.47465842,0.0,0.0,9.594300486,5.294085836,2.614130409,0.0,12.46536042,10.54474502,0.0,8.994439211,0.0,16.23683108,26.84182554,0.0,0.0,6.438624656,0.0,9.085102022,4.210172194,0.0,3.228278253,7.901264509,0.0,0.0,0.0,6.951143554,0.0,16.92292682,8.316539719,12.08908891,3.281407376
WBGene000092212,acs-2,0.0,0.0,0.0,0.0,0.0,0.0,0.0,0.0,0.0,0.0,0.0,0.0,0.0,0.0,0.0,1052.874332,1322.098673,44.56141919,0.0,0.0,0.0,0.0,0.0,0.0,0.0,298.0979399,0.0,0.0,471.2909852,0.0,0.0,0.0,0.0,0.0,0.0,0.0,0.0,71.50130226,48.18540839,0.0,0.0,0.0,0.0,0.0,234.1309049,75.25546706,577.027404,316.4158427,290.1425613,0.0,0.0,46.02857804,0.0,0.0,0.0,0.0,0.0,0.0,0.0,0.0,0.0,0.0,0.0,0.0,0.0,286.878954,49.92162352,0.0,0.0,0.0,0.0,0.0,0.0,0.0,0.0,0.0,39.14121248,1164.379666,0.0,0.0,0.0,0.0,0.0,0.0,0.0,0.0,0.0,173.7798472,137.5956749,0.0,0.0,0.0,0.0,0.0,0.0,0.0,0.0,53.74317783,0.0,0.0,0.0,0.0,0.0,0.0,0.0,0.0,0.0,0.0,0.0,0.0,0.0,0.0,0.0,461.5160718,0.0,0.0,0.0,0.0,0.0,0.0,0.0,0.0,0.0,0.0,843.4239149,391.1345837,473.4524256,473.4445802,67.3908263,293.816238,0.0,0.0,0.0
WBGene000118442,T19C9.8,37.21062215,0.0,0.0,0.0,0.0,0.0,0.0,0.0,0.0,3.015961249,0.0,0.0,0.0,0.0,0.0,0.0,0.0,0.0,0.0,0.0,0.0,0.0,0.0,0.0,0.0,0.0,1.756131374,0.0,0.0,0.0,0.0,0.0,0.0,0.0,0.0,11.04444008,0.0,0.0,0.0,0.0,0.0,4.079756911,0.0,3.317679207,0.0,0.0,0.0,0.0,0.0,0.0,0.0,27.39914563,0.0,0.0,0.0,0.0,0.0,0.0,0.0,0.0,0.0,0.0,0.0,0.0,0.0,0.0,0.0,2.588979689,0.0,0.0,0.0,0.0,3.216784214,0.0,0.0,0.0,0.0,0.0,0.0,0.0,0.0,0.0,0.0,0.0,0.0,0.0,0.0,0.0,0.0,0.0,0.0,0.0,12.82540473,0.0,0.0,0.0,0.0,0.0,0.0,0.0,0.0,0.0,0.0,0.0,0.0,0.0,0.0,0.0,0.0,0.0,0.0,0.0,0.0,0.0,0.0,0.0,0.0,0.0,0.0,0.0,0.0,0.0,0.0,0.0,0.0,0.0,0.0,0.0,0.0,0.0,0.0,0.0,0.0
WBGene000453662,Y17D7C.3,142.8150977,125.3166721,79.70562948,105.0814444,75.18331491,108.5647837,63.18342602,38.89941488,179.6352443,142.8978534,293.2329671,26.63363016,92.85144286,149.4635426,82.56331267,212.572041,529.8967381,86.21503851,108.512327,32.72016917,79.01590617,77.57096814,158.1894908,0.0,147.0568985,117.146865,34.45336842,95.45154644,75.97715037,65.86115426,52.96198571,136.2827513,58.23831671,20.99022566,82.81783261,40.83909911,121.08194,59.67591152,178.5386814,116.6640773,0.0,80.04406676,109.77485,176.6255892,78.05685941,64.89659707,79.14809576,149.6022375,53.23661288,0.0,31.13740147,244.4549068,536.547558,132.1658471,289.6975248,173.745717,117.554953,105.6761842,0.0,92.25840741,135.2415951,269.7110725,123.2032232,81.74440683,29.90656796,217.1469398,170.0625482,69.1138093,0.0,115.9136915,83.30683123,149.3527433,63.7676088,171.9832142,368.0720857,91.65822795,33.22004259,301.5245915,711.4640933,169.0838555,259.0309153,323.5041685,44.00230076,84.82478839,225.1999979,132.2129008,72.36823756,106.3832359,92.0685401,272.1066012,0.0,93.91015955,281.2385288,324.5393177,80.03425914,64.37820297,30.29939802,154.0960534,60.80920432,80.89342631,51.19951604,56.84064984,125.3719845,83.25062659,91.05366329,215.3328573,147.5379599,61.38406123,145.3920888,56.48078292,0.0,136.9614191,148.4975939,98.46169824,103.0185032,46.98178574,0.0,95.37748701,316.3924985,119.2495378,141.3080879,42.16391748,38.66854195,99.29384056,100.3708644,0.0,144.6584628,116.796343,61.16917013,109.8165379,178.11216,250.0233781,0.0
WBGene000042182,ptr-3,9.343802423,0.0,0.0,2.662590624,16.34733311,1.634794562,0.0,4.692497021,0.0,3.954781871,0.0,0.0,2.372826909,0.0,0.0,0.0,0.0,0.0,0.0,0.0,0.0,10.19777308,0.0,0.0,0.0,0.0,0.0,0.0,0.0,0.0,0.0,4.087320101,0.0,0.0,0.0,0.0,5.100203091,0.0,0.0,0.0,0.0,2.84180888,0.0,0.0,0.0,0.0,0.0,4.272467256,0.0,7.080700241,0.0,0.0,0.0,0.0,21.0854843,5.725385141,12.28431073,0.0,8.19289551,2.073999745,12.85988988,5.336801131,0.0,6.523030083,0.0,22.32751159,0.0,0.0,0.0,10.17115037,0.0,6.698235418,0.0,0.0,0.0,0.0,0.0,0.0,0.0,0.0,4.830148701,0.0,0.0,0.0,0.0,0.0,0.0,7.756722089,0.0,0.0,0.0,0.0,4.181543217,4.721485697,3.88264258,0.0,0.0,0.0,1.844982469,0.0,0.0,6.375879037,0.0,6.278894277,0.0,0.0,0.0,0.0,0.0,6.223711228,0.0,5.800353759,9.593602258,0.0,0.0,0.0,44.8495448,0.0,0.0,0.0,4.210172194,2.845001006,0.0,0.0,7.063511167,0.0,0.0,7.585951185,5.999542882,0.0,0.0,0.0,0.0
WBGene000219862,Y59C2A.3,84.51386135,53.49545857,34.0561301,76.46138957,54.71866701,30.52071577,59.41927299,37.64049951,66.99422824,19.06319376,38.1086205,101.5356803,69.26484956,46.72475528,38.60158912,56.21692805,33.24854774,124.7760541,130.9233377,73.94398109,75.53683016,97.11381836,76.1199897,45.23487297,156.0428938,105.5048853,54.87045693,113.8488766,90.65039325,14.64875572,78.77105567,78.18148198,157.3465364,27.90737076,100.2302754,63.76021626,55.43352137,65.42988929,34.39289784,86.88768271,33.95234713,52.73273385,125.4650115,79.65433852,97.67681296,80.61524397,163.4805387,60.56106845,89.40989551,48.70069305,62.20868926,107.5399361,48.97707804,94.64278475,154.2440632,107.075852,116.7387578,115.1616508,93.34788112,51.24947918,74.71290912,82.86227989,25.42735249,86.41806586,27.55692664,41.75070358,77.28126335,66.44514854,69.38137238,76.74857712,101.4144423,63.87359335,28.34512562,108.096595,79.6022258,77.50936704,81.60156465,101.4045061,151.2046051,29.6288966,82.44970357,68.13674452,32.53856734,138.5100335,145.1634274,101.7271858,36.4523178,70.27724883,111.6051029,88.45918947,109.0891855,128.8892362,109.0420105,91.57481697,31.68926761,55.45826496,20.17490818,61.25517997,62.53465377,32.87835338,89.38964832,65.38702277,123.0971374,92.1204924,35.24769925,89.91428065,79.9785637,85.93842534,95.81011203,159.5303736,15.91993894,118.6558186,133.8983218,66.37699713,78.98594739,30.17346016,39.91906499,78.64357986,73.69645675,71.30500072,128.5049179,81.62252625,62.53074395,156.7766421,127.6667733,91.59108922,67.35706508,68.59453866,73.94499616,54.756091,87.00989458,85.03999196,64.36289254
WBGene000204082,T10D4.6,0.0,11.84903845,93.35608388,58.27622508,33.41847137,0.0,10.47638014,15.09908445,31.08141252,0.0,15.49613231,37.74628255,50.26491177,22.79002302,35.97133341,27.41955115,18.58123358,74.57075077,47.63155589,49.76645914,40.28895114,72.95821688,94.76569494,58.86496029,61.24066464,19.00636094,17.70557103,42.98472803,29.72404055,24.71603546,38.24224136,30.79932102,19.20455297,16.01488002,25.70356361,31.74732274,59.58117258,51.63113322,35.16899898,31.75152882,36.65720129,49.8944397,14.46825491,29.52524013,38.91835424,44.91842661,34.04295907,0.0,23.97765802,23.0292288,6.337562333,22.96156803,22.49805985,39.29066991,29.23374289,32.36457518,29.94589005,50.32106968,17.54301781,9.316322023,32.35586425,39.87335773,22.34231097,40.51722105,32.02353718,45.59458699,17.62114601,40.6856606,43.34313154,28.90597116,54.83411428,31.21151554,34.33880333,32.2011947,48.99178051,58.21587648,9.776163925,32.97159126,87.54960372,0.0,57.2893312,57.36811694,8.642623334,23.07981051,19.58887486,37.13869756,43.52545884,18.33843025,27.94243275,8.83863589,88.07118192,0.0,25.2758741,36.48734386,13.38053134,12.14556546,5.516033576,0.0,41.7392235,0.0,21.93366399,32.24874705,32.66604353,13.80209194,10.3085251,30.89673409,36.75296079,18.59778834,32.19282636,28.53061429,24.0096222,48.99666919,69.91348142,53.77015125,0.0,46.15455147,17.70633191,46.46725104,26.43973456,33.53930824,56.18338554,33.5081997,72.62171121,43.7983348,0.0,77.36048072,0.0,39.62000613,20.85741588,19.05191357,12.21549921,92.10659108,19.25521133
WBGene000182502,F40H3.2,10.17344662,0.0,3.146819456,2.77275391,0.0,10.35414714,4.344689548,3.735089235,0.0,7.731541268,16.55391752,0.0,22.35410324,30.10738942,0.0,12.6793022,47.69952229,4.892912535,9.796404527,2.382459022,0.0,0.0,0.0,0.0,0.0,0.0,0.0,16.99405034,3.760897385,6.66654772,0.0,12.2991303,0.0,0.0,4.792658856,0.0,2.294111365,33.22622872,0.0,0.0,0.0,0.0,0.0,9.933109751,0.0,67.41946405,0.0,21.05659249,21.31598458,3.870782799,0.0,14.48157803,0.0,0.0,2.350244427,16.92485855,13.52025259,36.5560332,0.0,5.034034376,0.0,25.01058179,0.0,13.02788477,1.593434587,23.88223193,0.0,23.61691583,4.499535664,3.903884621,0.0,20.52625927,0.0,32.82497204,5.683455012,3.88000589,14.09586426,0.0,108.0251147,6.56509625,0.0,45.96357736,21.36100002,0.0,65.40648738,0.0,17.66133464,0.0,8.454406378,0.0,0.0,0.0,0.0,19.46279532,10.57089333,7.399318904,2.71263916,73.37519467,0.0,0.0,26.32373533,8.505632349,8.339936067,0.0,25.99711832,14.8365447,0.0,0.0,13.58825413,0.0,0.0,21.50256858,7.638071822,19.20534798,0.0,0.0,13.49295733,6.268385556,0.0,12.59860971,0.0,0.0,0.0,13.91077729,6.044467066,0.0,0.0,5.232514361,0.0,8.156295879,0.0,4.724199235,16.26363594
WBGene000050252,sqv-7,0.0,0.0,25.43982024,0.0,0.0,0.0,0.0,0.0,13.60384904,8.72981813,19.44848515,11.64643792,0.0,0.0,0.0,31.03908348,0.0,0.0,0.0,0.0,6.586480639,0.0,29.81841347,13.97561296,39.90760905,26.86682266,10.15026149,0.0,0.0,21.73730355,0.0,17.15025503,0.0,0.0,14.56192027,0.0,0.0,25.58694294,0.0,0.0,0.0,0.0,156.3801837,47.7516625,0.0,30.25992491,0.0,0.0,0.0,30.57639147,0.0,0.0,0.0,0.0,15.13843902,0.0,0.0,0.0,21.18359534,29.59650571,0.0,24.74956595,23.51642476,97.4209929,51.44065436,59.25570522,0.0,0.0,19.55893678,16.1030171,18.42623199,0.0,0.0,31.74526616,64.35310038,0.0,0.0,30.20016924,0.0,0.0,59.598858,33.51418343,15.29519451,0.0,20.16508908,12.40558703,0.0,50.00060169,0.0,0.0,43.41101306,0.0,0.0,22.23246726,15.93610469,19.76132863,0.0,0.0,41.9037515,0.0,44.85103614,31.6807157,31.29690631,44.09952688,97.61667911,20.13652836,32.6943104,20.83325139,39.228954,0.0,0.0,0.0,0.0,0.0,26.84182554,0.0,0.0,0.0,13.1983621,15.60569517,65.87646945,48.99950779,17.66339725,37.333302,0.0,0.0,0.0,0.0,42.2553031,0.0,0.0,19.58663383,0.0
WBGene000168892,lst-6,76.29421809,95.1331751,165.6491023,83.53261575,64.60458375,40.88672612,48.09409396,59.12513149,105.3033264,25.73693718,101.7456112,95.6315943,76.31986849,83.64939622,85.61213833,157.0589332,0.0,71.05095129,119.3195381,54.85741548,106.8746695,181.1061681,171.3059619,90.92269606,78.97693162,64.50192485,71.54506338,60.45417842,121.4633898,60.00215759,29.39304895,99.74537901,81.20045174,58.93151302,58.95796625,67.08498281,113.8961036,95.55071614,68.38647389,91.50896876,0.0,42.67848742,704.8330302,327.9028366,94.045845,149.2777562,212.7285313,103.3463712,178.5287935,60.9482854,62.41347029,206.3943215,78.37523736,174.2523962,82.16582847,93.06156656,152.3318304,244.6634344,92.01705033,142.4219809,70.20332672,96.41355294,132.9165041,282.2325023,163.2677492,0.0,125.167456,65.56914655,79.41591647,90.20680719,96.35773409,0.0,118.5999439,143.9451471,222.4709252,119.8814489,59.90701396,0.0,91.3790257,67.1050389,136.274589,143.5679727,0.0,61.32514418,68.37724604,99.8917205,67.55761623,763.6470395,56.56778342,62.49757145,0.0,131.3621764,58.56110069,143.7930921,103.505302,66.25496124,32.71052409,195.0619723,280.5602274,46.91049492,142.069066,126.1128552,297.7532632,215.3062251,276.5021491,127.3213402,109.1478434,133.246745,121.8295789,104.268122,56.17228313,134.0761939,145.9849354,123.3566497,96.29345336,91.05934454,102.8313911,173.7592899,126.291589,132.6878344,361.9363332,204.1982806,168.0546131,241.9289675,140.2721264,167.3109458,0.0,99.36719654,81.69030787,127.3785188,113.0864957,178.8176636,120.4242892
WBGene000168902,lst-5,0.0,30.90283745,0.0,0.0,0.0,0.0,0.0,0.0,0.0,0.0,0.0,14.41876767,0.0,0.0,0.0,0.0,0.0,17.91945724,0.0,0.0,0.0,0.0,0.0,0.0,0.0,0.0,0.0,0.0,0.0,0.0,0.0,0.0,0.0,8.483563212,0.0,0.0,0.0,0.0,15.87869565,0.0,0.0,0.0,0.0,93.37798677,0.0,0.0,0.0,0.0,0.0,0.0,0.0,0.0,0.0,0.0,0.0,0.0,0.0,0.0,0.0,12.04725699,0.0,0.0,0.0,0.0,0.0,0.0,0.0,0.0,0.0,0.0,0.0,0.0,0.0,0.0,38.77473567,0.0,0.0,0.0,0.0,0.0,0.0,15.800256,0.0,0.0,0.0,14.02600191,0.0,165.0006169,0.0,0.0,0.0,0.0,0.0,0.0,0.0,13.16090382,0.0,90.15645056,14.59724085,0.0,0.0,0.0,39.17387458,41.23705202,90.59825822,0.0,0.0,0.0,0.0,0.0,0.0,12.37974635,0.0,0.0,40.62409774,155.6985116,0.0,0.0,15.17076196,0.0,256.3805337,113.7358667,0.0,21.9492377,0.0,0.0,0.0,0.0,0.0,0.0,18.33650818,150.740875,0.0
WBGene000013682,exc-7,0.0,219.5834796,62.8421503,154.045321,0.0,0.0,0.0,0.0,292.9478142,108.4225673,0.0,59.05942507,0.0,0.0,0.0,821.7671452,169.5389821,0.0,0.0,0.0,0.0,108.3749769,0.0,0.0,0.0,0.0,0.0,144.3478836,182.4997595,0.0,0.0,0.0,105.3514613,0.0,0.0,0.0,0.0,84.72541864,0.0,0.0,0.0,0.0,394.3636824,760.411519,755.0425787,503.8909847,207.961722,659.6494545,466.9309129,0.0,0.0,0.0,0.0,0.0,127.5778744,1111.966103,635.406811,1005.747927,121.2635825,436.0131808,405.3842355,526.4577759,639.4451837,358.6708254,280.4430353,0.0,882.8130644,132.9640054,1323.573093,467.7990039,1152.023614,1092.45366,2656.083251,308.8766403,497.0565481,151.7207185,150.5639832,474.5109528,145.3601328,63.7734422,0.0,0.0,0.0,0.0,0.0,0.0,0.0,0.0,0.0,0.0,0.0,0.0,0.0,0.0,0.0,1412.043724,0.0,0.0,0.0,0.0,0.0,86.71272814,0.0,311.790389,0.0,0.0,0.0,300.5100099,199.9421436,0.0,0.0,0.0,0.0,190.6063356,0.0,0.0,0.0,0.0,0.0,0.0,551.6290075,276.7457432,0.0,368.6590855,661.4296483,307.9591087,117.8385162,751.2173557,422.6417803,773.99506,1018.050818,588.5385896,0.0
WBGene000093972,clec-66,,,,,,,,,,,,,,,,,,,,,,,,,,,,,,,,,,,,,,,,,,,,,,,,,,,,,,,,,,,,,,,,,,,,,,,,,,,,,,,,,,,,,,,,,,,,,,,,,,,,,,,,,,,,,,,,,,,,,,,,,,,,,,,,,,,,,
WBGene000130062,lin-38,8.296932853,26.35989653,15.13901336,8.788072942,14.45996786,13.47389941,2.14834558,3.315763166,13.26085264,1.998123737,2.925488193,13.20336134,2.626915456,9.186715794,18.09383558,9.878633174,0.0,1.632456246,3.63394513,3.287562476,6.637284193,12.82500734,8.990031083,2.745973816,1.943584611,5.956894029,4.084595256,12.60170173,6.617196717,6.340939722,7.271496761,10.84385712,15.07680711,5.722554069,8.516104979,0.0,8.112248356,4.453960594,0.0,8.543719471,11.58110762,22.38868006,15.71546763,8.373190381,3.546476354,0.0,0.0,7.915811688,0.0,0.0,4.925438498,10.8813128,0.0,9.012075333,29.42993584,4.780156462,14.00910688,0.0,0.0,5.488310259,18.80353646,13.25124932,13.48876252,6.144468791,9.870824435,18.85055558,25.91162548,22.52614146,33.7317315,0.0,21.19956844,22.53682243,4.57295194,12.57120433,0.0,3.278439385,15.89947419,0.0,0.0,10.23271628,0.0,0.0,0.0,0.0,9.357476532,7.55584251,5.993945234,15.37972273,4.901566151,0.0,0.0,0.0,14.81511597,7.801919019,14.23638595,9.958967376,0.0,0.0,0.0,3.507385464,17.74696092,11.26092346,16.95407427,0.0,0.0,10.68593445,3.064842548,11.93928651,10.96809073,24.61042402,8.97106587,0.0,4.690833505,7.605436438,0.0,17.51222734,2.86383668,6.08275513,8.698876262,7.171069115,6.372156689,0.0,3.992560944,30.99085156,18.21901769,0.0,0.0,4.773917556,7.358199792,12.69219512,13.43365995,2.527467007,9.789001445
WBGene000131672,Y53F4B.21,32.27338688,12.60983333,25.49573395,30.92058866,0.0,0.0,0.0,16.93763275,26.44404071,0.0,0.0,0.0,0.0,10.98052631,0.0,25.63406649,0.0,55.85569567,102.3640975,27.37074703,0.0,18.06428789,25.90340877,13.31790772,26.65300294,32.64181726,0.0,35.47775256,15.89124446,0.0,29.07441257,23.29817333,31.79869875,0.0,78.81571155,0.0,81.70381306,14.70822268,19.63045387,40.9614188,11.71007207,0.0,73.67929468,0.0,0.0,0.0,30.95734168,0.0,0.0,0.0,22.25103478,0.0,0.0,14.44192135,27.44760588,0.0,34.66841362,28.30877971,45.94819843,25.6078838,0.0,55.95966481,0.0,20.68790037,54.20157781,0.0,25.66356671,0.0,0.0,17.79242094,24.68864748,50.63981407,0.0,26.31608435,18.90110658,47.53174073,0.0,0.0,0.0,12.26205696,0.0,18.97133705,21.54690299,0.0,33.07260975,45.65667122,0.0,21.68953012,34.61874501,9.685644282,86.9477356,0.0,29.46493791,43.86057285,12.36198179,15.62667338,0.0,0.0,17.39283508,10.64113841,0.0,15.38666168,29.12075653,18.31807306,0.0,17.53591983,15.27655239,27.72791181,24.20511546,50.2703972,15.63919227,71.45083388,0.0,0.0,0.0,0.0,0.0,0.0,27.25125449,0.0,0.0,32.61181045,0.0,0.0,0.0,0.0,0.0,32.75303455,23.01324774,25.96712797,0.0,11.48825914,0.0
